"frame","x [nm]","y [nm]","z [nm]","I [photon]","background [photon]"
1,1134.8,541.03,345.1,2500,70
1,1598.4,835.51,-380.4,2500,70
1,1117.8,531.96,348.29,2500,70
1,960.5,1574.1,54.412,2500,70
1,671.35,1308.7,-282.26,2500,70
1,1169.8,1986.1,-299.76,2500,70
1,827.74,407.8,196.45,2500,70
1,1907,942.38,-293.04,2500,70
1,1213.2,687.28,313.16,2500,70
1,703.82,1363.1,-230.91,2500,70
1,480.06,1489.3,352.93,2500,70
1,832.72,2183,-181.16,2500,70
1,1815.2,953.07,-345.15,2500,70
1,2089.1,1307,-26.559,2500,70
1,1019.6,1562.8,52.503,2500,70
1,748.25,1175.4,120.91,2500,70
1,1055.7,1569.4,5.7259,2500,70
1,825.03,2110.6,-196.6,2500,70
1,933.71,2100.7,-327.17,2500,70
1,612.04,1225.6,265.56,2500,70
1,1055.1,2058.5,-378.14,2500,70
1,1046.4,1542.4,37.807,2500,70
1,1249.5,933.5,-195.9,2500,70
1,1050.5,974.22,-62.249,2500,70
1,2051.6,1394.5,171.36,2500,70
1,1195.7,1916.7,-310.77,2500,70
1,443.97,879.96,-303.13,2500,70
1,1167.4,2012.7,-380.27,2500,70
1,1760.8,951.48,-367.44,2500,70
1,500.68,1913.3,245.41,2500,70
2,968.22,1031.8,-20.485,2500,70
2,487.88,1852.4,254.12,2500,70
2,1728.6,878.32,-362.6,2500,70
2,1338.1,921.5,252.87,2500,70
2,1274.8,708.13,368.83,2500,70
2,1992.6,1113.6,-216.46,2500,70
2,1836.6,890.57,-369.18,2500,70
2,2055.8,1324.2,66.147,2500,70
2,1413.4,1155,52.897,2500,70
2,1965.2,1087.9,-238.18,2500,70
2,1954.2,946.59,-334.56,2500,70
2,1151.4,914.59,-160.1,2500,70
2,1345.6,1652.4,203.58,2500,70
2,653.75,1327,267.89,2500,70
2,984.88,998,-64.093,2500,70
2,807.43,1386.1,-128.8,2500,70
2,480.46,1851.4,299.18,2500,70
2,649.56,2151.3,-62.57,2500,70
2,1575.2,1732.4,296.04,2500,70
2,1252,1707,212,2500,70
2,1804.8,929.21,-304.14,2500,70
2,879.34,1520.6,-34.813,2500,70
2,1715.8,1714.3,329.67,2500,70
2,664.46,2156.9,-72.68,2500,70
2,1936.4,977.94,-302.04,2500,70
2,1444.8,950.34,176.18,2500,70
2,1942.2,997.88,-277.16,2500,70
2,1443.5,1288.5,-8.4254,2500,70
2,664.13,1216.6,254.46,2500,70
2,1155.3,890.2,-125.2,2500,70
3,641.14,521.77,-106.48,2500,70
3,806,1399.5,-181.26,2500,70
3,686.63,1248.7,-259.63,2500,70
3,1341.7,709.23,268.38,2500,70
3,1456.9,1484.4,-120.39,2500,70
3,1009,2157.8,-325.25,2500,70
3,1446.1,1583.3,-181.06,2500,70
3,1429.5,1142.4,108.68,2500,70
3,878.17,2111,-189.09,2500,70
3,569.42,2052.7,66.453,2500,70
3,819.34,1105.1,158.51,2500,70
3,805.84,450.36,137.32,2500,70
3,1718.9,918.97,-386.57,2500,70
3,2109.2,1457.6,162.92,2500,70
3,589.23,1323.4,291.75,2500,70
3,1095,2031.2,-375.8,2500,70
3,471.01,1916.5,238.07,2500,70
3,508.15,925.82,-352.11,2500,70
3,897.73,1066.6,97.611,2500,70
3,1478.4,1686.8,299.48,2500,70
3,1063.6,452.19,327.15,2500,70
3,1252.4,626.2,352.27,2500,70
3,1312.7,703.04,333.06,2500,70
3,498.48,1120.6,-375.5,2500,70
3,2037.5,1099.7,-230.2,2500,70
3,2080.3,1493.3,203.52,2500,70
3,1999.1,1116.1,-209.97,2500,70
3,1402.8,948.12,271.68,2500,70
3,1345.6,725.17,262,2500,70
3,1452,1214.7,27.404,2500,70
4,554.04,2035.9,121.58,2500,70
4,1279.2,1901.3,-289.56,2500,70
4,1146.5,524.09,399.17,2500,70
4,1445.3,1137.8,71.696,2500,70
4,987.69,943.55,-42.547,2500,70
4,476.82,584.36,-234.03,2500,70
4,2137,1277.1,9.5322,2500,70
4,1407.6,1491.2,-122.19,2500,70
4,1606.8,1653,386.97,2500,70
4,1077.4,915.54,-145.64,2500,70
4,1714.9,1700.2,376.55,2500,70
4,2131.8,1371.5,65.596,2500,70
4,518.73,910.57,-378.04,2500,70
4,1013.3,2124.3,-343.58,2500,70
4,701.82,1365.6,-178.4,2500,70
4,1321.1,707.56,335.51,2500,70
4,948.75,2080.8,-267,2500,70
4,1165.8,2010.7,-305.31,2500,70
4,507.23,851.74,-368.19,2500,70
4,568.91,427.23,-72.231,2500,70
4,1065.5,2102.4,-366.18,2500,70
4,1828.5,974.26,-289.86,2500,70
4,584.18,1378,296.09,2500,70
4,1198.1,601.65,383.89,2500,70
4,657.16,2075,38.754,2500,70
4,1311.6,1745,-336.17,2500,70
4,1057.3,456.78,318.92,2500,70
4,538.92,474.55,-105.33,2500,70
4,649.99,1220.7,-313.94,2500,70
4,1388.4,927.33,172.9,2500,70
5,1977.8,1588.4,281.81,2500,70
5,1268.3,785.17,266.26,2500,70
5,1334,1752.7,-276.07,2500,70
5,1851.4,1635.3,356.11,2500,70
5,1280.7,1793,-291.65,2500,70
5,782.96,1229.6,160.81,2500,70
5,843.66,1103.2,71.98,2500,70
5,873.45,2142,-141.78,2500,70
5,1309.5,895.74,-191.22,2500,70
5,710.48,2102.8,-73.419,2500,70
5,556.63,1444.9,362.83,2500,70
5,1247.8,897.74,-137.29,2500,70
5,686.53,1382.3,-238.23,2500,70
5,1633.1,1716.2,310.21,2500,70
5,1823.3,932.28,-300.98,2500,70
5,980.68,2174.5,-244.59,2500,70
5,526.3,1626.6,332.82,2500,70
5,527.19,1870.3,278.81,2500,70
5,441.36,1755.9,286.09,2500,70
5,710.35,454.95,55.235,2500,70
5,1192.6,639.2,310.68,2500,70
5,718.34,1213.3,193.99,2500,70
5,544.17,1131.8,-281.13,2500,70
5,1427.3,1314.5,-11.384,2500,70
5,557.81,2041.9,142.9,2500,70
5,542.22,1488.4,351.49,2500,70
5,513.72,1841.2,336.5,2500,70
5,1357.6,940.89,231.42,2500,70
5,1024.7,994.63,34.276,2500,70
5,438.49,737.05,-271.11,2500,70
6,754.88,2109.8,-101.32,2500,70
6,623.15,2166.8,-50.579,2500,70
6,467.98,1967,196.15,2500,70
6,2071,1391.5,123.73,2500,70
6,2125,1241.1,-134.32,2500,70
6,492.74,1929.8,223.17,2500,70
6,534.16,1959.6,235.01,2500,70
6,501.81,863.56,-314.08,2500,70
6,506.58,1914.6,290.46,2500,70
6,649.64,1324.9,-214.43,2500,70
6,1050.3,494.21,304.3,2500,70
6,857.14,2116.3,-261.33,2500,70
6,1726.4,1690.2,378.4,2500,70
6,1530.1,1713.6,293.66,2500,70
6,1452.1,858.89,-298,2500,70
6,2075.8,1213.4,-83.655,2500,70
6,1502.1,1715.2,368.46,2500,70
6,1391.3,817.93,-243.86,2500,70
6,1946.8,962.18,-257.75,2500,70
6,470.1,1010.8,-338.9,2500,70
6,707.93,1296.8,-250.93,2500,70
6,463.47,916.09,-339.37,2500,70
6,1840,1578.7,320.61,2500,70
6,519.15,1032.7,-390.78,2500,70
6,538.85,1872.9,273.23,2500,70
6,1882.7,967.55,-365.58,2500,70
6,2042.2,1416.9,206.12,2500,70
6,521.41,1916.3,241.21,2500,70
6,601.52,1334.6,238.7,2500,70
6,1795.9,925.77,-348.75,2500,70
7,609.52,1333,263.35,2500,70
7,1486.8,1736.1,264.01,2500,70
7,1128.4,1967.1,-307.14,2500,70
7,498.49,1894.5,199.75,2500,70
7,1352.4,777.31,304.29,2500,70
7,1231,706.18,364.88,2500,70
7,506.55,842.8,-292.28,2500,70
7,572.16,1486,330.53,2500,70
7,478.29,1968.9,243.73,2500,70
7,507.35,1480.2,341.03,2500,70
7,690.05,1149.3,231.42,2500,70
7,2078.5,1093.2,-135.74,2500,70
7,720.49,2115,-145.65,2500,70
7,1413.9,1100.2,74.89,2500,70
7,2019,1184.9,-144.4,2500,70
7,1820.6,853.68,-344.68,2500,70
7,975.17,2083.7,-236.65,2500,70
7,1900.4,956.23,-283.46,2500,70
7,2043.8,1360.4,79.923,2500,70
7,1034,421.33,283.4,2500,70
7,1332,1707.5,-260.37,2500,70
7,1537.1,883.29,-323.23,2500,70
7,858.86,2124.5,-155.93,2500,70
7,498.39,853.9,-383.28,2500,70
7,1488.4,1747,262.1,2500,70
7,1419.7,846.13,-292.84,2500,70
7,1602,910.82,-335.46,2500,70
7,1428.9,1709.3,289.48,2500,70
7,1318.5,1671.1,195.69,2500,70
7,2016.7,1006.4,-305.31,2500,70
8,1494.2,1197.3,5.4032,2500,70
8,860.13,1470.4,-102.69,2500,70
8,1014.7,407.41,331.23,2500,70
8,1180.5,1975.9,-374.35,2500,70
8,627.48,2089.2,79.208,2500,70
8,1176.3,541.84,366.18,2500,70
8,1411.9,1632.5,-261.56,2500,70
8,1440.3,818.1,-263.46,2500,70
8,528.49,1533.6,321.27,2500,70
8,902.74,1015.7,47.3,2500,70
8,2113,1262.1,10.804,2500,70
8,1439.4,1526.6,-182.63,2500,70
8,1344.1,818.34,274.72,2500,70
8,2116.1,1292.8,41.622,2500,70
8,1755,1693.9,389.03,2500,70
8,471.43,1957.2,274.88,2500,70
8,421.23,1740.9,364.15,2500,70
8,1295.1,1908.3,-314.75,2500,70
8,666.81,423.48,-20.101,2500,70
8,607.04,1288.7,278.53,2500,70
8,1151.8,540.72,313.34,2500,70
8,1179.5,591.15,390.6,2500,70
8,1471.7,1198.7,38.288,2500,70
8,1919.3,1597.8,364.13,2500,70
8,1637.2,1714.6,373.23,2500,70
8,887.95,2141.8,-204.11,2500,70
8,2013.2,1088.5,-173.97,2500,70
8,2097.3,1374.9,88.415,2500,70
8,1951.2,1000.2,-346.88,2500,70
8,1034,2076.9,-374.69,2500,70
9,605.92,1413.4,306.24,2500,70
9,985.35,1619.6,-17.331,2500,70
9,1574.9,857.39,-304.79,2500,70
9,875.42,2111.7,-209.98,2500,70
9,2082.6,1239.8,-4.2408,2500,70
9,645.05,1307.6,-251.11,2500,70
9,474.18,1574.8,374.1,2500,70
9,890.97,1558.9,-82.781,2500,70
9,662.06,463.09,83.087,2500,70
9,1062.6,1556.6,45.745,2500,70
9,1174.2,1930.7,-323.42,2500,70
9,645.37,404.54,25.59,2500,70
9,1459.3,1371.8,-118.65,2500,70
9,507.35,703.61,-256.8,2500,70
9,2114.7,1208.3,-42.346,2500,70
9,1071.8,1582.2,24.971,2500,70
9,558.18,1071.3,-296.44,2500,70
9,664.63,509.05,-43.505,2500,70
9,747.83,423.98,154.69,2500,70
9,972.71,473.32,241,2500,70
9,1056.8,2077.7,-293.11,2500,70
9,739.24,2130.5,-33.135,2500,70
9,1780.3,885.63,-339.77,2500,70
9,1923.5,956.29,-344.21,2500,70
9,1529.2,890.89,-302.47,2500,70
9,472.84,857.37,-354.74,2500,70
9,1602,825.14,-289.93,2500,70
9,548.02,514.65,-140.31,2500,70
9,859.66,1102.3,108.65,2500,70
9,727.42,2200.8,-156.23,2500,70
10,1006.4,468.39,299.33,2500,70
10,542.46,1218.8,-276.2,2500,70
10,1561.1,836.08,-290.07,2500,70
10,1115.2,940.22,-71.687,2500,70
10,1669.5,914.78,-335.29,2500,70
10,655.44,1222.9,221.53,2500,70
10,529.43,1921.3,224.58,2500,70
10,801.05,2110.3,-162.07,2500,70
10,701.39,466.99,45.253,2500,70
10,1423.3,1097.6,127.07,2500,70
10,1386.6,1589.7,-189.57,2500,70
10,537.56,2007.5,190.47,2500,70
10,1128.8,872.21,-87.182,2500,70
10,803.08,2142.7,-155.06,2500,70
10,1178.2,1974.5,-328.11,2500,70
10,1119.1,1995.1,-340.19,2500,70
10,1142.6,1969.4,-394.83,2500,70
10,600.58,1183.8,-282.58,2500,70
10,881.08,1030.4,2.0823,2500,70
10,918.92,2141.7,-293,2500,70
10,1983.7,1085.3,-226.98,2500,70
10,522.39,715.17,-347.75,2500,70
10,1810.8,1679.6,326.18,2500,70
10,1807.2,1637.4,321.64,2500,70
10,2113.7,1220.3,-24.344,2500,70
10,1391,1664.6,-252.68,2500,70
10,2124.9,1211.2,-105.73,2500,70
10,1983.5,1055.5,-226.91,2500,70
10,519.84,2001.2,159.69,2500,70
10,1402.5,1274.9,-49.414,2500,70
11,1612.1,891.65,-346.19,2500,70
11,1126,533.57,330.25,2500,70
11,2111.9,1113.4,-102.2,2500,70
11,2029.2,1465.5,178.86,2500,70
11,1462.1,825.41,-273.21,2500,70
11,1120.7,2011.5,-335.94,2500,70
11,1247.4,589.57,338.39,2500,70
11,980.47,2100.7,-321.92,2500,70
11,429.57,1716,317.12,2500,70
11,1777.3,872.34,-393.71,2500,70
11,571.51,2040.3,24.855,2500,70
11,517.67,783.94,-274.39,2500,70
11,1398.9,857.39,234.67,2500,70
11,1302.1,1841.1,-361.92,2500,70
11,1980.2,1069.4,-265.91,2500,70
11,1446.5,1469.7,-80.793,2500,70
11,930.93,1515.5,-57.81,2500,70
11,551.69,1995.6,203.89,2500,70
11,1707.9,1698.5,348.82,2500,70
11,1464.8,1490.6,-189.06,2500,70
11,1482.4,849.5,-261.49,2500,70
11,428.85,894.34,-373.08,2500,70
11,704.93,2108.9,-66.877,2500,70
11,1405.5,1591,-234.14,2500,70
11,1451.8,1095.2,121.4,2500,70
11,2061.2,1437.4,174.13,2500,70
11,463.32,647.71,-275.84,2500,70
11,1093.1,2067.3,-353.31,2500,70
11,464.54,1944.5,207.08,2500,70
11,482.13,702.32,-329.95,2500,70
12,1360.5,1794.7,-314.25,2500,70
12,515.46,559.51,-166.18,2500,70
12,504.61,998.66,-309.89,2500,70
12,2073.2,1466.9,130.34,2500,70
12,498.66,887.4,-364.28,2500,70
12,539.74,1380.9,351.87,2500,70
12,1145,939.75,-87.231,2500,70
12,456.27,731.5,-326.93,2500,70
12,1975.3,1073.3,-251.21,2500,70
12,537.49,2000.7,251.51,2500,70
12,789.64,1203.9,118.45,2500,70
12,765.78,2128.1,-174.17,2500,70
12,524.22,710.95,-273.79,2500,70
12,1253.5,733.7,317.54,2500,70
12,1228.3,1717.5,148.42,2500,70
12,1040.6,957.27,-33.435,2500,70
12,771.67,2119.6,-135.05,2500,70
12,2127.4,1358.3,109.53,2500,70
12,775.54,426.36,129.55,2500,70
12,1924.5,1556.3,243.03,2500,70
12,1280.4,933.18,-224.58,2500,70
12,1428.5,1018.4,178.97,2500,70
12,1350,864.07,-178.36,2500,70
12,950.82,1056.4,12.456,2500,70
12,472.56,1654,367.77,2500,70
12,1318.1,1862.8,-288.16,2500,70
12,1245.6,915.13,-204.71,2500,70
12,475.06,906.58,-363.46,2500,70
12,2117.4,1356.8,81.934,2500,70
12,751.8,433.61,164.03,2500,70
13,1450,913.39,164.37,2500,70
13,2010.9,1466.2,192.66,2500,70
13,1443.6,1230.2,46.556,2500,70
13,2075.9,1084.6,-231.45,2500,70
13,574.57,1393.8,324.01,2500,70
13,632.38,1288.4,250.79,2500,70
13,1160.8,542.92,358.72,2500,70
13,1247.7,1887,-342.67,2500,70
13,435.94,858.79,-363.03,2500,70
13,612.47,2036.5,45.82,2500,70
13,1940.6,1011.5,-353.89,2500,70
13,2081.2,1325.2,109.61,2500,70
13,978.81,1550.3,16.822,2500,70
13,867.03,461.03,281.89,2500,70
13,498.68,1019.5,-375.67,2500,70
13,1236.9,2010,-337.25,2500,70
13,1746.8,1649.9,384.74,2500,70
13,653.38,2119.6,-37.166,2500,70
13,602.52,511.53,-74.748,2500,70
13,528.06,1045.3,-357.24,2500,70
13,1474.7,1533.4,-93.081,2500,70
13,986.05,1545.8,10.934,2500,70
13,2067.2,1127.4,-186.24,2500,70
13,1451.3,1415.2,-56.322,2500,70
13,709.45,1288.5,-209.46,2500,70
13,1320.9,901.57,-163.4,2500,70
13,1240.7,608.14,304.82,2500,70
13,1295.5,667.19,356.97,2500,70
13,1480.3,1668.2,351.3,2500,70
13,1023.7,1636.6,39.023,2500,70
14,1146.9,1632.3,141.15,2500,70
14,2074.1,1293.9,-7.3918,2500,70
14,1308.9,804.06,220.16,2500,70
14,612.96,469.84,-136.13,2500,70
14,1057.2,1561.8,89.89,2500,70
14,447.82,846.57,-378.22,2500,70
14,1423.6,1691.9,338.78,2500,70
14,2014.3,1536.5,230.39,2500,70
14,1787.3,1623.3,359.85,2500,70
14,2075.9,1394.6,113.76,2500,70
14,512.16,1919.7,241.67,2500,70
14,2040,1472.3,163.87,2500,70
14,2054,1275.7,-27.009,2500,70
14,444.4,684.49,-248.49,2500,70
14,1411.6,1593.6,-169.11,2500,70
14,1461.5,1414.5,-88.34,2500,70
14,974.4,1000.8,-16.739,2500,70
14,481.05,1486.2,378.79,2500,70
14,836.67,2159.7,-208.44,2500,70
14,1608,1747.8,358.17,2500,70
14,1991.4,1451.6,175.84,2500,70
14,545.67,1568.6,386.78,2500,70
14,1816.7,1617.3,371.77,2500,70
14,2091.8,1149.7,-152.09,2500,70
14,2054.5,1248.1,-102.45,2500,70
14,967.45,993.8,25.778,2500,70
14,512.13,1599,399.61,2500,70
14,1392.8,1121.4,117.26,2500,70
14,1501.9,855.08,-281.46,2500,70
14,1794.2,887.04,-373.19,2500,70
15,1830.2,956.02,-355.34,2500,70
15,1682.1,1670.8,323.67,2500,70
15,1932.7,1559.1,292.8,2500,70
15,1329.7,1828.4,-355.73,2500,70
15,1139.7,613.78,383.48,2500,70
15,434.06,1677.9,350.9,2500,70
15,493.57,624.48,-147.88,2500,70
15,1046.5,987.78,-103.46,2500,70
15,1179.7,584.11,366.1,2500,70
15,1248.4,1916.3,-336.74,2500,70
15,1412.6,916.56,219.9,2500,70
15,2126.6,1210.5,-132.7,2500,70
15,1365.6,1677.4,-196.13,2500,70
15,2047.9,1135.7,-116.36,2500,70
15,1439.6,884.02,-270.11,2500,70
15,1028,1590.4,9.4101,2500,70
15,1414.4,1645.8,-249.99,2500,70
15,1419.8,1207.3,61.164,2500,70
15,429.63,791.76,-333.83,2500,70
15,2101.6,1199,-72.223,2500,70
15,1352.1,779.05,295.31,2500,70
15,827.45,376.62,201.16,2500,70
15,922.66,423.09,257.02,2500,70
15,641.32,2154.9,-33.338,2500,70
15,536.35,1628.8,328.23,2500,70
15,667.26,465.53,47.493,2500,70
15,985.64,936.66,-48.851,2500,70
15,1846.8,886.4,-343.93,2500,70
15,737.15,424.7,106.13,2500,70
15,1596.5,1657.1,326.95,2500,70
16,503.65,1679.1,302.38,2500,70
16,464.55,1582.4,374.1,2500,70
16,1406.5,1409.6,-97.889,2500,70
16,816.51,380.92,180.08,2500,70
16,1298.2,832.07,-216.24,2500,70
16,525.6,1443.4,299.68,2500,70
16,480.31,1831.1,273.05,2500,70
16,1056.5,1562.6,55,2500,70
16,834.92,2165.4,-202.69,2500,70
16,1580.9,826.83,-296.72,2500,70
16,424.41,1810.1,329.18,2500,70
16,1446.9,1117.6,89.996,2500,70
16,1392.7,982.48,207.46,2500,70
16,1343.4,1739.4,-322.16,2500,70
16,642.81,418.42,-8.6594,2500,70
16,1022.5,931.09,-29.676,2500,70
16,582.7,1106.7,-335.09,2500,70
16,630.71,441.31,-15.65,2500,70
16,740.65,1461.6,-178.93,2500,70
16,750.47,2201.4,-162.49,2500,70
16,941.91,1550.4,-44.177,2500,70
16,1680.4,890.69,-375.23,2500,70
16,950.67,2107.5,-252.3,2500,70
16,902.66,990.49,1.2752,2500,70
16,965.51,475.18,287.38,2500,70
16,1739.6,877.96,-391.59,2500,70
16,1776,1668.3,347.76,2500,70
16,1248,1666.6,243.07,2500,70
16,1965.7,1517.1,261.09,2500,70
16,1906.8,1625.9,316.16,2500,70
17,439.87,1737.5,310.61,2500,70
17,489.81,1953.7,282.31,2500,70
17,552.79,597.29,-199.66,2500,70
17,1443.1,889.43,-309.62,2500,70
17,2049.5,1532.7,198.3,2500,70
17,1781.4,1708.6,375.06,2500,70
17,1524.2,843.64,-306.33,2500,70
17,992.09,427.91,327.31,2500,70
17,1319.3,1738,-249.1,2500,70
17,1077.2,1646.5,119.48,2500,70
17,445.21,1875.7,247.49,2500,70
17,1614,827.76,-343.96,2500,70
17,1207.7,601.5,299.04,2500,70
17,559.04,1373.6,294.72,2500,70
17,1328.5,744.01,297.41,2500,70
17,1331.3,1696.3,-239.95,2500,70
17,1450.2,1237.3,34.696,2500,70
17,1349.9,843.95,266.51,2500,70
17,570.6,1182,-303.04,2500,70
17,1429.5,1248.7,-13.257,2500,70
17,2070.6,1086.3,-162.46,2500,70
17,730.08,2099.7,-117.25,2500,70
17,1631.4,851.37,-364.7,2500,70
17,666.8,1256.3,285.44,2500,70
17,447.4,1823.4,333.63,2500,70
17,795.52,399.59,240.96,2500,70
17,790.57,1408.7,-207.6,2500,70
17,934.37,1027.6,70.355,2500,70
17,471.94,1652,334.73,2500,70
17,1913.8,959.4,-315.78,2500,70
18,492.15,2006.1,188.04,2500,70
18,1224.5,843.05,-144.77,2500,70
18,1385.8,1091.7,92.719,2500,70
18,1382.5,1738.1,-310.91,2500,70
18,692.14,390.96,33.067,2500,70
18,1484.6,883.62,-298.37,2500,70
18,574.2,534.71,-91.797,2500,70
18,974.01,380.67,286.03,2500,70
18,1292.6,1789.2,-315.47,2500,70
18,1245.4,1938.3,-366.88,2500,70
18,1975.6,1097.3,-206.04,2500,70
18,1354.5,903.47,-306.98,2500,70
18,583.47,2068.9,56.612,2500,70
18,527.44,558.71,-212.43,2500,70
18,1137.6,1977.9,-331.42,2500,70
18,1921.3,1546.1,334.41,2500,70
18,549.53,1080.5,-376.51,2500,70
18,1312.3,790.34,294.22,2500,70
18,893.5,2158.4,-187.58,2500,70
18,1400.6,1378.4,-80.458,2500,70
18,888.06,1480.4,-133.42,2500,70
18,1732.5,877.63,-306.82,2500,70
18,962.38,436.35,278.29,2500,70
18,1224.6,1648.3,215.8,2500,70
18,1068,454.62,335.53,2500,70
18,1585.8,878.9,-369.09,2500,70
18,729.6,2092.3,-93.729,2500,70
18,1828.4,1606.4,329.66,2500,70
18,787.2,1113.3,147.02,2500,70
18,1708.1,1629.7,389.11,2500,70
19,1852.8,948.33,-338.23,2500,70
19,591.12,520.33,-61.07,2500,70
19,723.85,1363.1,-152.28,2500,70
19,554.08,1483.9,294.88,2500,70
19,453.11,800.93,-321.67,2500,70
19,950.62,974.86,7.1219,2500,70
19,589.37,522.91,-139.03,2500,70
19,1608,1672.8,302.08,2500,70
19,1376.8,1700,-264.72,2500,70
19,594.41,548.67,-111.6,2500,70
19,459.21,1020.1,-347.02,2500,70
19,600.53,2114.5,-35.188,2500,70
19,2095.4,1421.2,119.72,2500,70
19,909.78,1492.8,-55.626,2500,70
19,1209.8,1939.3,-374.86,2500,70
19,566.98,2031.1,196.56,2500,70
19,451.24,1664.3,365.56,2500,70
19,450.11,1702.5,309.42,2500,70
19,1009.2,955.79,-19.371,2500,70
19,953.73,1560,-32.637,2500,70
19,1023.4,1563.5,102.41,2500,70
19,1140.3,584.14,341.84,2500,70
19,880.92,373.27,273.41,2500,70
19,592.57,468.46,-9.0801,2500,70
19,1206.8,2014.3,-361.48,2500,70
19,584.64,1291.7,281.05,2500,70
19,747.72,2189.3,-52.405,2500,70
19,879.71,1033.5,-0.69975,2500,70
19,1214.4,1653.8,118.85,2500,70
19,478.73,1921.9,261.72,2500,70
20,1346.4,981.77,207.02,2500,70
20,1383.1,1735.3,-266.27,2500,70
20,1544.4,1659.3,333.89,2500,70
20,1391.8,955.67,252.95,2500,70
20,546.81,1976,129.43,2500,70
20,762.72,1175.2,184.36,2500,70
20,1430.8,1576.3,-255.63,2500,70
20,617.48,2081.9,72.58,2500,70
20,754.82,1156.8,193.72,2500,70
20,681.15,411.74,59.966,2500,70
20,1531.4,1672.7,282.02,2500,70
20,473.87,1814.3,358.99,2500,70
20,468.53,604.63,-167.47,2500,70
20,1256.1,888.72,-194.74,2500,70
20,611.65,1314.1,-264.41,2500,70
20,1460.3,1712.4,280.18,2500,70
20,797.51,404.32,122.33,2500,70
20,1257.4,928.73,-214.51,2500,70
20,614.07,2114.2,126.42,2500,70
20,719.88,2127.8,-72.161,2500,70
20,952.82,2091,-299.35,2500,70
20,547.02,484.91,-124.17,2500,70
20,547.38,659.66,-255.51,2500,70
20,632.03,2129,68.637,2500,70
20,2039.3,1142.9,-157.1,2500,70
20,444.87,691.93,-284.82,2500,70
20,2061.8,1076,-239.38,2500,70
20,1398.1,1190.6,74.81,2500,70
20,629.65,2100.2,-3.0577,2500,70
20,778.07,1199.1,193.03,2500,70
21,538.3,1112.9,-346.47,2500,70
21,802.76,2150.3,-121.99,2500,70
21,1704.7,904.29,-349.93,2500,70
21,1110.6,432.3,357.98,2500,70
21,714.74,1302.3,-230.24,2500,70
21,1941.1,1003.2,-289.46,2500,70
21,1438,1139.8,85.667,2500,70
21,625.83,401.2,28.616,2500,70
21,470.62,615.73,-260.19,2500,70
21,1207.3,1995.3,-311.43,2500,70
21,779.04,1450.3,-151.75,2500,70
21,781.87,1231.3,187.7,2500,70
21,589.51,1142.6,-333.08,2500,70
21,767.22,1195,190.44,2500,70
21,1401.5,1712.3,-305.5,2500,70
21,922,424.73,238.77,2500,70
21,1800.7,1616.7,319.74,2500,70
21,1016.5,431.58,339.82,2500,70
21,1679.5,837.33,-361.99,2500,70
21,1668.7,1662,347.39,2500,70
21,544.43,993.52,-328.4,2500,70
21,568.22,1306.7,305.65,2500,70
21,2090.1,1329.5,44.016,2500,70
21,743.67,1372.2,-256.55,2500,70
21,621.29,2085,19.403,2500,70
21,1722.6,1671.2,368.36,2500,70
21,1888,924.08,-361.71,2500,70
21,1866.8,1659.7,329.58,2500,70
21,1222.9,921.63,-164.39,2500,70
21,1179.1,1642.6,139.56,2500,70
22,1286.5,1897.8,-293.31,2500,70
22,816.57,1471.3,-81.251,2500,70
22,1071.8,2093.5,-307,2500,70
22,588.45,522.82,-98.565,2500,70
22,1005.3,446.66,235.05,2500,70
22,1279.2,1898.7,-338.26,2500,70
22,725.48,424.15,73.021,2500,70
22,1451.7,1444.7,-52.27,2500,70
22,679.2,1285,-247.6,2500,70
22,1425.4,971.16,244.76,2500,70
22,1116.7,991.41,-65.646,2500,70
22,1557.1,1657.9,325.8,2500,70
22,980.65,2161.4,-294.32,2500,70
22,969.84,975.04,-30.532,2500,70
22,640.31,1292.8,-277.75,2500,70
22,1460.8,1405,-51.521,2500,70
22,925.16,403.7,325.09,2500,70
22,791.64,2192.9,-133.96,2500,70
22,780.68,1430.1,-143.71,2500,70
22,584.49,1432.3,326.93,2500,70
22,1992.2,1542,294.44,2500,70
22,1443.8,1407.8,-126.99,2500,70
22,1477.2,1738.5,254.08,2500,70
22,1763.2,868.52,-378.62,2500,70
22,482.71,678.01,-226.57,2500,70
22,1966,944.65,-293.47,2500,70
22,991.01,1591.3,-9.9015,2500,70
22,1964.2,1504.6,265.64,2500,70
22,557.2,1306.2,299.69,2500,70
22,709.73,2118.1,-63.522,2500,70
23,1037.8,444.86,347.42,2500,70
23,517.27,1721.5,302.43,2500,70
23,1005.3,1544.1,-6.1634,2500,70
23,695.73,1237.3,251.67,2500,70
23,696.14,1229.2,-299.39,2500,70
23,656.7,1315.6,283.73,2500,70
23,1883.7,939.71,-297.5,2500,70
23,1662.6,1685.6,351.19,2500,70
23,2026,1118.1,-143.82,2500,70
23,1120.6,531.06,314.63,2500,70
23,1773.8,935.18,-363.3,2500,70
23,1437.9,1746.1,259.02,2500,70
23,2031.2,1345.8,152.01,2500,70
23,905.22,1060.9,88.381,2500,70
23,1471.5,1219.9,33.644,2500,70
23,533.21,1135.4,-338.58,2500,70
23,1615.9,851.25,-353.57,2500,70
23,487.49,1880.8,310.86,2500,70
23,990.4,960.72,18.657,2500,70
23,649.28,1282.9,-260.83,2500,70
23,1681.8,1655.6,361.11,2500,70
23,532.68,2008.9,194.83,2500,70
23,508.91,614.92,-178.94,2500,70
23,1972.5,1544.9,215.8,2500,70
23,1024.4,1017.7,-21.099,2500,70
23,468.95,1479.8,312.14,2500,70
23,821.33,2192.4,-139.79,2500,70
23,1377.6,822.34,-214.29,2500,70
23,841.06,365.42,212.18,2500,70
23,1396.9,906.01,195.56,2500,70
24,1792.7,1626.3,344.39,2500,70
24,481.69,697.18,-287.78,2500,70
24,1985.9,1504.5,282.54,2500,70
24,462.51,997.12,-312.15,2500,70
24,2112.3,1296.3,-33.892,2500,70
24,1341.1,841.31,-201.17,2500,70
24,1404,1055.8,145.45,2500,70
24,566.14,1190.9,-260.96,2500,70
24,1201.3,631.02,350.51,2500,70
24,634.21,2154.7,27.592,2500,70
24,514.72,1584.5,339.28,2500,70
24,1402,1664.9,256.15,2500,70
24,1909.3,1010.8,-281.29,2500,70
24,497.49,931.64,-346.01,2500,70
24,1981.3,1494.2,203.38,2500,70
24,1811.9,955.99,-363.66,2500,70
24,1583.5,901.04,-365,2500,70
24,1022.5,2135.7,-268.99,2500,70
24,501.34,2030.7,167.61,2500,70
24,2021.3,1434.4,156.31,2500,70
24,489.69,1854.1,221.56,2500,70
24,1478,1407.3,-26.736,2500,70
24,716.59,395.74,85.059,2500,70
24,1474.7,1360.7,-64.778,2500,70
24,1392.2,1477.7,-157.14,2500,70
24,583.13,2131.6,64.896,2500,70
24,1459.2,1441.4,-67.375,2500,70
24,1384.2,844.05,292.08,2500,70
24,799.02,1422,-92.855,2500,70
24,1104.5,2036.2,-381.74,2500,70
25,477.01,1733.2,363.36,2500,70
25,480.33,1056.5,-368.95,2500,70
25,1297.3,911.3,-257.4,2500,70
25,782.18,2155.1,-152.76,2500,70
25,1345.1,860.33,222.97,2500,70
25,593.34,1112.5,-335.86,2500,70
25,1815.1,1659.4,337.07,2500,70
25,449.62,698.28,-268.77,2500,70
25,1452.5,833.65,-262.73,2500,70
25,1563.5,1735.3,284.01,2500,70
25,717.12,2094.4,-94.713,2500,70
25,712.12,1385.6,-183.7,2500,70
25,1628.5,894.31,-353.36,2500,70
25,572.18,2045.2,123.25,2500,70
25,523.46,1812.1,330.31,2500,70
25,484.05,827.64,-339.67,2500,70
25,674.71,1287.6,-202.35,2500,70
25,828.91,1091.1,124.39,2500,70
25,539.35,1499.6,344.3,2500,70
25,725.21,2127.3,-146.74,2500,70
25,472.28,1920.8,223.65,2500,70
25,630.7,1233,-281.41,2500,70
25,463.02,1658.6,342.18,2500,70
25,748.18,2120.2,-100.49,2500,70
25,973.88,472.78,341.86,2500,70
25,1367.4,868.17,207.56,2500,70
25,491.23,662.75,-211.13,2500,70
25,1238.2,1911.5,-307.65,2500,70
25,454.89,781.06,-333.38,2500,70
25,513.88,1869.7,308.68,2500,70
26,936.05,1545.3,36.373,2500,70
26,653.1,1186.1,-240.52,2500,70
26,1973.4,1579,253.77,2500,70
26,524.79,993.18,-374.41,2500,70
26,1580.9,880.56,-380.09,2500,70
26,1904.6,932.95,-309.12,2500,70
26,1172.7,1663,168.49,2500,70
26,1023,516.14,308.74,2500,70
26,717.79,430.58,54.185,2500,70
26,573.58,1120,-361.63,2500,70
26,586.1,1152.6,-336.11,2500,70
26,1121.1,958.77,-163.89,2500,70
26,1444.3,879.23,-336.71,2500,70
26,963.92,1552.4,29.146,2500,70
26,526.74,2068,85.51,2500,70
26,1692.3,1691.8,318.13,2500,70
26,1826.9,1666.3,307.67,2500,70
26,2002.1,1504.1,163.74,2500,70
26,1144.4,1973.6,-333.71,2500,70
26,1339.6,720.95,353.18,2500,70
26,547.05,2011.7,126.13,2500,70
26,2042.5,1183.9,-127.3,2500,70
26,435.41,874.13,-395.73,2500,70
26,1429.2,894.54,288.41,2500,70
26,2032.2,1400.9,209.58,2500,70
26,1469.7,1670,242.82,2500,70
26,598.36,1231.1,-273.37,2500,70
26,1416.5,810.19,-248.57,2500,70
26,488.99,1001.1,-310.74,2500,70
26,1381.8,1541.6,-174.85,2500,70
27,1135.3,547.87,325.88,2500,70
27,1416.3,1257.2,15.702,2500,70
27,597.18,1295.7,306.33,2500,70
27,1034.4,432.27,347.86,2500,70
27,512.08,1570.7,351.37,2500,70
27,480.2,630.02,-254.42,2500,70
27,1412,1374.6,-48.594,2500,70
27,1160.4,1973.1,-381.16,2500,70
27,1303,1657.5,195.44,2500,70
27,1619.5,1734.4,368.94,2500,70
27,2117.9,1267.7,-51.114,2500,70
27,1703.1,1731.5,366.11,2500,70
27,445.25,1779,299.53,2500,70
27,982.58,1537,-13.529,2500,70
27,445.88,1629.8,369.72,2500,70
27,1593.6,1687,391.07,2500,70
27,1455.9,1086.5,121.95,2500,70
27,709.4,1191.2,176.84,2500,70
27,1421.8,1592.9,-179.38,2500,70
27,1507.7,812.03,-319.04,2500,70
27,1763.8,1698.4,359.67,2500,70
27,671.86,1224.2,-304.76,2500,70
27,516,703.5,-290.83,2500,70
27,852.58,2154,-205.35,2500,70
27,847.87,2151.1,-168.1,2500,70
27,896.86,2092.8,-321.71,2500,70
27,1226.9,600.52,345.11,2500,70
27,2066.4,1399.7,133.78,2500,70
27,581.41,525.89,-38.561,2500,70
27,1848,1641.4,282.21,2500,70
28,1155.7,2072.3,-304.22,2500,70
28,1404.8,890.82,-250.3,2500,70
28,1907.3,923.01,-335.46,2500,70
28,457.11,656.29,-281.44,2500,70
28,1504.9,842.88,-275.42,2500,70
28,492.87,926.47,-342.95,2500,70
28,1646.3,887.51,-329.23,2500,70
28,530.87,927.18,-389.38,2500,70
28,1782.9,1688.1,331.51,2500,70
28,2108,1323.2,23.181,2500,70
28,2038.8,1343.1,150.19,2500,70
28,567.47,474.26,-94.077,2500,70
28,807.38,1055.6,54.082,2500,70
28,1023.9,1033.4,-49.319,2500,70
28,492.14,1797.1,295.34,2500,70
28,473.94,599.45,-196.53,2500,70
28,1210.6,636.2,370.82,2500,70
28,1362.4,1003.7,163.41,2500,70
28,1244.9,600.19,339.85,2500,70
28,886.23,456.5,203.09,2500,70
28,485.66,1644.3,327.46,2500,70
28,1999,1470.3,239.87,2500,70
28,512.66,642.55,-216.02,2500,70
28,2103.4,1177,-104.22,2500,70
28,620.14,2081.5,111.91,2500,70
28,1171.5,585.66,335.27,2500,70
28,758.34,1178.3,162.03,2500,70
28,1415.3,1325,-5.4293,2500,70
28,2062.5,1354.1,87.337,2500,70
28,438.99,880.94,-320.05,2500,70
29,2024.8,1033.1,-263.21,2500,70
29,1600.2,845.03,-297.44,2500,70
29,966.85,2150,-257.75,2500,70
29,1185.6,2067.9,-321.29,2500,70
29,999.93,2114.4,-313.18,2500,70
29,675.15,399.72,71.09,2500,70
29,446.33,678.82,-234.81,2500,70
29,1291.3,724.52,278.28,2500,70
29,525.11,2074.6,61.703,2500,70
29,504.94,999.33,-348.39,2500,70
29,469.19,632.19,-157.1,2500,70
29,1978.6,1561.6,282.59,2500,70
29,1302.5,678.92,375.38,2500,70
29,703.48,1334.3,-237.11,2500,70
29,721.92,1420.5,-235.39,2500,70
29,1015.9,402.55,264.9,2500,70
29,503.23,2001.9,169.68,2500,70
29,476.24,544.53,-187.24,2500,70
29,1743.8,1645.9,308.87,2500,70
29,2023.5,1093.2,-226.33,2500,70
29,805,1068.9,96.064,2500,70
29,1814.4,1653,366.08,2500,70
29,1224.2,868.24,-132.77,2500,70
29,582.01,2053.1,100.18,2500,70
29,1209.5,2007.3,-360.72,2500,70
29,1044.9,428.67,296.98,2500,70
29,1495,1225.9,24.195,2500,70
29,1964.9,1558.5,224.48,2500,70
29,2076.6,1352.2,63.274,2500,70
29,688.98,2171.6,-29.065,2500,70
30,794.3,2119.2,-127.88,2500,70
30,1346.9,806.04,307.03,2500,70
30,1408.5,879.58,283.19,2500,70
30,1348.1,869.84,-272.82,2500,70
30,962.91,2146,-308.02,2500,70
30,1236.4,1990.8,-372.83,2500,70
30,1258.2,691.97,385.19,2500,70
30,2087.2,1191.3,-86.862,2500,70
30,865.12,1483,-44.025,2500,70
30,917.75,2110.6,-249.09,2500,70
30,720.17,1126.8,209.79,2500,70
30,929.85,2122.2,-306.44,2500,70
30,2070.8,1429.6,115.56,2500,70
30,1285.1,1916,-341.2,2500,70
30,1810.2,1652.4,347.15,2500,70
30,1417,1676.4,279.6,2500,70
30,1020,455.52,371.03,2500,70
30,1797.2,968.48,-358.77,2500,70
30,513.57,701.49,-213.69,2500,70
30,1248.7,870.38,-217.61,2500,70
30,514.69,867.31,-318.98,2500,70
30,1312.7,821.68,320.87,2500,70
30,1887.1,1567.6,271.75,2500,70
30,840.25,367.91,182.68,2500,70
30,757.68,1208.3,219.59,2500,70
30,2078.2,1273.6,8.9682,2500,70
30,1344.4,872.98,-250.4,2500,70
30,624.51,2151.2,-36.355,2500,70
30,904.72,390.7,279.78,2500,70
30,478.49,745.77,-293.16,2500,70
31,1049.7,991.26,-80.072,2500,70
31,737.55,1400.9,-146.26,2500,70
31,679.45,1336.3,-163.64,2500,70
31,947.18,2172.3,-335.16,2500,70
31,665.9,1316.3,-243.07,2500,70
31,469.04,673.53,-205.8,2500,70
31,1330.8,1793.4,-296.14,2500,70
31,1311,1755.7,-283.1,2500,70
31,578.22,2105.1,68.012,2500,70
31,796.09,1108.4,67.314,2500,70
31,1368.9,849.93,310.69,2500,70
31,1876.8,976.51,-336.86,2500,70
31,442.63,1860.3,265.32,2500,70
31,798.84,1446.5,-158.53,2500,70
31,1619.6,850.65,-336.44,2500,70
31,962.14,379.55,261.32,2500,70
31,2067.6,1244.4,-83.533,2500,70
31,654.45,1279,-293.52,2500,70
31,783.1,2198.2,-78.413,2500,70
31,1430.2,849.39,-256.55,2500,70
31,2031.2,1452.2,196.6,2500,70
31,2084.6,1373.3,60.523,2500,70
31,910.09,1489.7,-68.914,2500,70
31,1169.1,858.99,-148.54,2500,70
31,859.67,1517.4,-114.66,2500,70
31,1448.8,1084.2,133.01,2500,70
31,690.2,1363.8,-233.24,2500,70
31,792.06,1404.3,-79.47,2500,70
31,712.8,1236.7,276.12,2500,70
31,489.88,1660.9,390.9,2500,70
32,1015.4,950.83,14.525,2500,70
32,915.06,399.4,222.78,2500,70
32,1881.5,877.03,-289.1,2500,70
32,592.73,508.09,-158.98,2500,70
32,432.57,837.82,-350.51,2500,70
32,901.66,2168.2,-270.62,2500,70
32,2025.4,1360.6,86.952,2500,70
32,1579.1,1747.4,326.18,2500,70
32,1245,1666.1,174.93,2500,70
32,1118.6,540.44,310.23,2500,70
32,516.69,512.4,-150.22,2500,70
32,495.62,1736.7,289.29,2500,70
32,1740.2,1717.6,315.1,2500,70
32,1411.3,1317.5,2.3787,2500,70
32,741.96,1176.1,231.96,2500,70
32,1313.9,1642.2,211.19,2500,70
32,1001.1,2133.4,-317.23,2500,70
32,994.22,396.24,250.43,2500,70
32,797.57,1061.2,108.93,2500,70
32,710.65,1329.8,-228.49,2500,70
32,1883.3,970.55,-274.07,2500,70
32,1350.9,1823.9,-285.71,2500,70
32,1305.5,1786.4,-236.75,2500,70
32,1816.5,912.02,-341.52,2500,70
32,765.54,1411.2,-148.86,2500,70
32,928.01,1486.8,-22.161,2500,70
32,1455,1367.6,-19.184,2500,70
32,2132.3,1226.6,-68.967,2500,70
32,441.42,673.47,-243.9,2500,70
32,1345.8,716.07,267.55,2500,70
33,1070.8,970.64,-29.027,2500,70
33,452.02,1753.1,295.32,2500,70
33,1267.5,1683.9,205.73,2500,70
33,1025.8,1562.5,61.753,2500,70
33,594.24,499.47,-78.396,2500,70
33,614.63,1268,-200.66,2500,70
33,705.11,1308.3,286.88,2500,70
33,1016.2,954.9,-0.026023,2500,70
33,1353.1,1752.9,-293.7,2500,70
33,548.3,499.38,-194.59,2500,70
33,478.78,801.37,-276.99,2500,70
33,2065.4,1159.7,-118.72,2500,70
33,1454.7,1710.4,266.95,2500,70
33,839.04,424.01,258.84,2500,70
33,1212.7,1716.1,197.35,2500,70
33,624.77,397.52,16.942,2500,70
33,494.84,1034.1,-361.17,2500,70
33,1122.7,2041.7,-340.33,2500,70
33,1382.2,1038.8,133.81,2500,70
33,1497,1248.5,-50.707,2500,70
33,2045.7,1102.9,-191.66,2500,70
33,604,1350.6,291.28,2500,70
33,953.84,2159.1,-274.73,2500,70
33,904.13,2179.2,-226.97,2500,70
33,537.76,1930.8,271.78,2500,70
33,1279.9,1704.3,226.07,2500,70
33,1895.8,915.53,-341.47,2500,70
33,945.63,1538.2,-45.325,2500,70
33,855.31,1035.8,35.978,2500,70
33,478.63,1026.1,-362.19,2500,70
34,1291.9,708.24,331.24,2500,70
34,443.9,1786.3,317.48,2500,70
34,454.82,1880.2,232.52,2500,70
34,2136.4,1337.2,78.247,2500,70
34,863.2,403.46,152.81,2500,70
34,1741.4,1685.1,331.13,2500,70
34,892.19,1010.1,74.961,2500,70
34,936.2,2087.4,-328.54,2500,70
34,2008.6,975.45,-282.58,2500,70
34,928.23,2147.7,-250.42,2500,70
34,582.74,1252,-306.5,2500,70
34,1293.7,1815.8,-329.38,2500,70
34,1634.3,1734.1,367.5,2500,70
34,549.35,1105,-298.7,2500,70
34,1892,1556.1,293.54,2500,70
34,1425.8,1292.1,-18.774,2500,70
34,825.75,376.43,241.41,2500,70
34,1211.4,1971.3,-308.6,2500,70
34,2067.8,1174.1,-128.33,2500,70
34,565.53,1011.5,-326.37,2500,70
34,1474.3,1340.3,-59.111,2500,70
34,1941.2,1611.5,293.18,2500,70
34,534.04,1379.4,355.5,2500,70
34,1627.4,1661.3,348.63,2500,70
34,1778.6,1639.9,302.38,2500,70
34,1100.9,2109.4,-347.26,2500,70
34,1584.3,892.8,-310.79,2500,70
34,1986.7,1518.6,285.23,2500,70
34,512.55,1376.3,309.04,2500,70
34,691.99,1372.2,-203.32,2500,70
35,481.08,1025.2,-311.09,2500,70
35,714.07,2180.2,-103.11,2500,70
35,730.13,2096.1,-89.244,2500,70
35,1107.1,2033,-371.49,2500,70
35,578.05,1140.3,-256.23,2500,70
35,1939.1,991.86,-278.08,2500,70
35,1963.8,983.35,-280.6,2500,70
35,519.01,825.63,-349.2,2500,70
35,525.19,1143.4,-358.47,2500,70
35,1427.7,1461.9,-101.86,2500,70
35,1479.9,1134.5,64.483,2500,70
35,1096.7,1660.7,151.01,2500,70
35,550.46,1063.1,-345.25,2500,70
35,856.97,1473.1,-97.764,2500,70
35,908.35,400.82,266.61,2500,70
35,449.85,1684,353.86,2500,70
35,585.81,1123.1,-291.23,2500,70
35,798.41,390.59,188.84,2500,70
35,908.26,1012.7,81.371,2500,70
35,1071.1,1578.1,119.89,2500,70
35,1893.9,1612.8,374.94,2500,70
35,2075.5,1432.2,140.18,2500,70
35,663.23,453.08,108.44,2500,70
35,519.52,1961,278.94,2500,70
35,2019.2,1045.2,-216.7,2500,70
35,673.52,2143,81.857,2500,70
35,515.75,2012.7,125.14,2500,70
35,2098.9,1188.2,-68.619,2500,70
35,849.94,409.95,163.78,2500,70
35,777.19,1122.8,104.48,2500,70
36,1460.1,1389.9,-92.254,2500,70
36,1179.3,569.92,315.99,2500,70
36,1491.4,1696.6,304.83,2500,70
36,921.54,2168.7,-251.33,2500,70
36,505.29,1667.9,327.04,2500,70
36,1111.7,536.56,385.16,2500,70
36,2044.8,1177.7,-192.72,2500,70
36,601.13,2061.4,-18.869,2500,70
36,717.95,1360.1,-193.81,2500,70
36,1077.3,2039.2,-315.71,2500,70
36,718.56,2195.1,-73.618,2500,70
36,770.58,2158.4,-160.85,2500,70
36,1285.5,915,-215.81,2500,70
36,460.83,1953.6,199.51,2500,70
36,1257.2,918.11,-180.7,2500,70
36,797.9,416.56,165.38,2500,70
36,1173.5,618.23,330.87,2500,70
36,2011.1,1500.3,248.16,2500,70
36,1373.3,820.78,241.28,2500,70
36,1826.8,1608.5,308.91,2500,70
36,743.78,387.67,48.982,2500,70
36,472.98,672.22,-267.53,2500,70
36,670.51,2110,-60.387,2500,70
36,965.75,479.72,262.19,2500,70
36,1450.5,1241.6,101.57,2500,70
36,521.38,970.57,-380.31,2500,70
36,780.67,2156.2,-150.5,2500,70
36,660.02,1269.6,234.43,2500,70
36,714.48,426.9,31.978,2500,70
36,996.64,486.67,282.93,2500,70
37,752.69,446.82,138.15,2500,70
37,1737.9,885.64,-398,2500,70
37,1000.7,996.81,-15.419,2500,70
37,1343.3,1644.8,276.38,2500,70
37,1336,1677.7,276.9,2500,70
37,1363.8,997.18,160.6,2500,70
37,1879.3,915.97,-357.71,2500,70
37,1357.1,831.49,-209.48,2500,70
37,1411.9,852.02,239.19,2500,70
37,582.62,543.38,-103.8,2500,70
37,1099.1,2075.6,-309.73,2500,70
37,1417.2,1713.6,-204.34,2500,70
37,440.77,888.92,-317.24,2500,70
37,690.37,1239.9,186.91,2500,70
37,1542.7,885.6,-325.63,2500,70
37,1176.3,1648.7,109.57,2500,70
37,488.95,1071.9,-296.1,2500,70
37,2066.6,1454.2,168.02,2500,70
37,536,610.07,-220.05,2500,70
37,1115.3,540.2,369.53,2500,70
37,705.26,432.39,152.14,2500,70
37,516.54,1151.1,-324.21,2500,70
37,878.83,2159.3,-242.57,2500,70
37,667.43,430.38,7.1715,2500,70
37,450.12,857.23,-382.95,2500,70
37,437.62,874.31,-330.1,2500,70
37,743.48,442.03,103.18,2500,70
37,654.37,2144.5,62.154,2500,70
37,756.45,2173.2,-182.06,2500,70
37,576.45,526.66,-146.06,2500,70
38,1513,1665.3,343.76,2500,70
38,735.34,2164.9,-110.38,2500,70
38,1482.1,1136.2,96.4,2500,70
38,555.78,512.42,-153.6,2500,70
38,592.59,2011.5,128.06,2500,70
38,1494.3,1380.7,-14.335,2500,70
38,622.37,2122.5,19.236,2500,70
38,673.23,1317.8,238.83,2500,70
38,818.46,1120.2,115.3,2500,70
38,990.8,959.97,1.8995,2500,70
38,522.57,2017.4,117.64,2500,70
38,1425,1089.9,108.06,2500,70
38,555.43,1151.7,-353.35,2500,70
38,1693.6,1701.5,345.62,2500,70
38,1022.5,941.96,-77.27,2500,70
38,1331.1,1661,-286.52,2500,70
38,536.38,2065.9,85.573,2500,70
38,1260.4,1963.9,-389.55,2500,70
38,462.53,727.94,-296.79,2500,70
38,1713.4,883.8,-301.93,2500,70
38,491.54,1819.1,279.42,2500,70
38,1899.8,1011.6,-322.3,2500,70
38,521.61,1507.4,351.65,2500,70
38,690.43,408.82,120.36,2500,70
38,1069.8,528.25,283.65,2500,70
38,1252,894.58,-204.36,2500,70
38,1017,438.28,256.89,2500,70
38,2071.1,1223.6,-117.76,2500,70
38,560.86,1187.9,-328.77,2500,70
38,676.1,2124.4,-66.673,2500,70
39,984.89,447.67,288.68,2500,70
39,424.1,1722.3,284.36,2500,70
39,1985.9,1548.1,219.29,2500,70
39,1201.9,657.72,368.06,2500,70
39,1026.1,2067.5,-293.57,2500,70
39,642.37,1311.8,198.16,2500,70
39,2090.1,1391.5,70.829,2500,70
39,2117.1,1191.3,-68.011,2500,70
39,1242.3,1906.2,-351.99,2500,70
39,1350.8,865.99,279.13,2500,70
39,555.18,479.45,-81.919,2500,70
39,503.95,990.8,-311.23,2500,70
39,1568.7,1691,322.52,2500,70
39,2070.4,1307.7,-29.072,2500,70
39,516.36,849.61,-377.93,2500,70
39,566.71,1421.2,260.01,2500,70
39,508.97,1705.4,350.88,2500,70
39,514.28,1931.3,248.64,2500,70
39,2042,1229.4,-72.346,2500,70
39,2002.2,1500.9,254.53,2500,70
39,901.88,460.11,241.89,2500,70
39,2094.3,1313.5,-15.027,2500,70
39,457.02,1781.2,291.11,2500,70
39,447.3,1677.7,363.54,2500,70
39,672.86,1311.3,-184.51,2500,70
39,492.19,1914.7,260.73,2500,70
39,805.85,431.33,193.73,2500,70
39,1116.6,2070,-371.07,2500,70
39,1527.2,1710.4,354.3,2500,70
39,1104.2,464.48,281.04,2500,70
40,493.59,580.55,-263.17,2500,70
40,500.65,1761.1,289.6,2500,70
40,647.53,1375.3,266.28,2500,70
40,1098.3,1589.4,104.39,2500,70
40,1787.2,1632.2,370,2500,70
40,1570.7,1714.2,290.94,2500,70
40,497.73,533.34,-149.97,2500,70
40,1994.4,1076.8,-261.9,2500,70
40,1031.7,440.82,351.79,2500,70
40,1823.8,965.62,-380.64,2500,70
40,879.07,2194.8,-243.2,2500,70
40,1264.2,930.98,-233.42,2500,70
40,1421.7,1665.8,275.2,2500,70
40,1403.6,1631.3,-224.55,2500,70
40,556.6,1103.4,-359.68,2500,70
40,1095,1661.6,71.109,2500,70
40,594.99,497.26,-114.4,2500,70
40,1064.9,1019.2,-82.266,2500,70
40,1685.3,821.41,-333.24,2500,70
40,546.12,1114.7,-365.74,2500,70
40,664.39,2168.2,-46.887,2500,70
40,1406.9,1354,-12.079,2500,70
40,621.2,460.91,-22.047,2500,70
40,1842,1000.1,-336.01,2500,70
40,1439.9,1227.2,82.634,2500,70
40,628.52,1235,-291.31,2500,70
40,1382.9,851.57,301.15,2500,70
40,1704.9,879.96,-332.58,2500,70
40,943.1,432.32,252.81,2500,70
40,1694,873.02,-385.11,2500,70
41,1347.7,858.41,-266.93,2500,70
41,446.25,666.03,-269.99,2500,70
41,937.99,987.43,20.456,2500,70
41,988.89,417.04,256.74,2500,70
41,1421.8,1401,-60.788,2500,70
41,923.63,1026.6,34.777,2500,70
41,788.73,2144.7,-181.67,2500,70
41,1970.3,1005.6,-235.5,2500,70
41,1302.1,863.24,-191.7,2500,70
41,1115.6,523.11,345.5,2500,70
41,616.43,2096.8,74.477,2500,70
41,691.54,393.22,78,2500,70
41,506.4,1032.8,-307.56,2500,70
41,2080.6,1416.9,78.039,2500,70
41,1294.3,1799.7,-310.5,2500,70
41,763.98,403.34,122.82,2500,70
41,737.82,406.97,67.721,2500,70
41,702.92,2098.9,-106.67,2500,70
41,1434.9,1672.4,307.15,2500,70
41,898.19,1032,55.224,2500,70
41,1374.8,948.86,188.29,2500,70
41,795.87,2137.9,-199.97,2500,70
41,1417.3,1499.3,-127.87,2500,70
41,1988.2,1065.6,-262.55,2500,70
41,1215.2,1964.9,-303.01,2500,70
41,572.04,1406.6,279.3,2500,70
41,489.97,1973.9,205.93,2500,70
41,472.94,880.52,-382.09,2500,70
41,855.25,434.57,218.56,2500,70
41,600.25,495.66,-84.077,2500,70
42,1365.2,815.37,240.66,2500,70
42,2100.1,1214,-26.757,2500,70
42,1418.5,1229.4,18.359,2500,70
42,500.19,749.71,-312.97,2500,70
42,1435.4,1510,-108.61,2500,70
42,1763.8,1652.3,390.31,2500,70
42,2131.5,1236.3,-35.152,2500,70
42,451.07,705.84,-313.66,2500,70
42,557.08,1393.2,262.85,2500,70
42,1384.4,887.35,-296.81,2500,70
42,1953.6,1058.7,-290.16,2500,70
42,986.37,2132.7,-315.79,2500,70
42,1277.6,1851.2,-330.87,2500,70
42,535.13,1156.5,-260.36,2500,70
42,1093.4,465.31,331.32,2500,70
42,716.19,1380.3,-197.33,2500,70
42,2058.6,1312,59.478,2500,70
42,1416,871.13,-287.03,2500,70
42,529.98,1610.9,312.34,2500,70
42,1054.1,988.37,-17.535,2500,70
42,705.91,417.93,152.54,2500,70
42,443.85,739.3,-330.46,2500,70
42,494.28,1534.4,372.53,2500,70
42,1985.2,1475.6,218.34,2500,70
42,2060.6,1255.7,25.354,2500,70
42,1524.9,890.72,-302.45,2500,70
42,828.2,2194.8,-234.05,2500,70
42,1156.7,914.13,-86.294,2500,70
42,481.22,594.21,-207.13,2500,70
42,845.42,362.22,257.24,2500,70
43,743.46,1320.4,-159.59,2500,70
43,450.2,1721.2,370.75,2500,70
43,1845.1,1609.3,306.2,2500,70
43,1017.1,460.87,352.89,2500,70
43,1987,1059.4,-204,2500,70
43,539.85,554.04,-189.58,2500,70
43,746.84,2153.3,-82.174,2500,70
43,870.19,399.24,293.33,2500,70
43,2046.7,1276.7,13.64,2500,70
43,456.75,934.11,-389.98,2500,70
43,677.91,1226.5,-266.56,2500,70
43,575.18,1251.7,-286.06,2500,70
43,1340.7,775.67,276.53,2500,70
43,777,380.9,126.02,2500,70
43,2014,1084.8,-230.94,2500,70
43,2059.6,1472,150.15,2500,70
43,1077.2,1618,86.634,2500,70
43,1402.7,998.35,181.97,2500,70
43,1281.3,700.46,345.58,2500,70
43,1376.3,892.13,231.25,2500,70
43,466.34,887.88,-372.97,2500,70
43,715.3,376.49,94.023,2500,70
43,1339.1,1682.2,-223.88,2500,70
43,544.99,1540.3,307.88,2500,70
43,1330,686.43,305.8,2500,70
43,1423.2,1028.9,159.96,2500,70
43,510.3,852.51,-296.65,2500,70
43,1305.2,1677.2,212.37,2500,70
43,537.44,537.8,-136.49,2500,70
43,2031.1,1475.4,193.75,2500,70
44,1606.3,898.78,-356.34,2500,70
44,988.37,468.36,248.71,2500,70
44,682.76,1263.2,-281.61,2500,70
44,1074.7,1641.4,68.04,2500,70
44,507.1,638.03,-213.5,2500,70
44,1849,916.07,-353.64,2500,70
44,925.23,414.28,278.29,2500,70
44,2066.2,1451.1,167.53,2500,70
44,1734.2,1667.7,363.15,2500,70
44,1045.2,2106.3,-338.95,2500,70
44,1467.7,1728.8,351.57,2500,70
44,1373.7,842.86,323.4,2500,70
44,528.41,1397.9,342.15,2500,70
44,1710.2,1690.3,311,2500,70
44,2068.5,1083.3,-178.02,2500,70
44,569.69,1114.6,-287.92,2500,70
44,832.52,1472.3,-149.5,2500,70
44,1266.9,875.54,-226.15,2500,70
44,991.57,950.7,-4.1437,2500,70
44,599.92,428.51,-11.077,2500,70
44,1827.4,1667.1,310.01,2500,70
44,590.71,534.14,-41.93,2500,70
44,457,1870.1,214.62,2500,70
44,970.3,1577,-20.903,2500,70
44,750.31,1167.2,126.37,2500,70
44,1980,1047.6,-253.29,2500,70
44,890.15,1059.3,51.184,2500,70
44,1479.5,1754.2,279.81,2500,70
44,2119,1327.6,45.224,2500,70
44,744.21,2129.2,-141.87,2500,70
45,1454.5,1273,8.3807,2500,70
45,1607.8,887.84,-383.58,2500,70
45,1093.4,1574.5,121.32,2500,70
45,879.59,2110.1,-200.19,2500,70
45,487.55,946.12,-335.95,2500,70
45,615.68,1348.7,298.31,2500,70
45,478.77,716.84,-299.73,2500,70
45,494.22,672.46,-282.51,2500,70
45,2092.7,1214.9,-92.282,2500,70
45,1233.8,617.54,372.48,2500,70
45,1139.9,947.5,-122.14,2500,70
45,2097.1,1192.3,-46.188,2500,70
45,1836.1,907.12,-364.95,2500,70
45,864.41,2169.1,-173.23,2500,70
45,1996.7,1027.5,-323,2500,70
45,797.34,2189.5,-189.79,2500,70
45,1471.8,1684,332.32,2500,70
45,1851.7,890.79,-350.02,2500,70
45,1163.9,520.33,386.45,2500,70
45,1328.8,1653,211.35,2500,70
45,2076.1,1213.6,-69.764,2500,70
45,2017.6,1579.3,240.49,2500,70
45,797.58,1104.3,77.265,2500,70
45,1114.8,1637.6,156.81,2500,70
45,1062.3,1645.2,101.57,2500,70
45,477.43,933.24,-306.6,2500,70
45,1534.6,824.5,-310.32,2500,70
45,540.81,1993.1,90.764,2500,70
45,769.93,2174.4,-182.55,2500,70
45,764.9,1162.6,232.82,2500,70
46,533.83,1391.4,353.14,2500,70
46,630.65,1237.2,-263.6,2500,70
46,540.93,479.53,-115.31,2500,70
46,553.52,995.16,-372.74,2500,70
46,1337.3,1736.7,-306.07,2500,70
46,460.13,1620.5,390.87,2500,70
46,560.15,1978,156.05,2500,70
46,1427.9,1171,113.42,2500,70
46,1810.7,1643.5,329.46,2500,70
46,2074.4,1155.6,-122.61,2500,70
46,426.91,1673.7,303.95,2500,70
46,1799.2,944.99,-365.44,2500,70
46,481.49,1470.4,355.09,2500,70
46,946.54,2156.7,-321.6,2500,70
46,1171.3,530.66,315.93,2500,70
46,2013.5,1147.2,-154.2,2500,70
46,623.48,1332.9,284.62,2500,70
46,1168.5,528.57,333.29,2500,70
46,495.32,1857.6,229.98,2500,70
46,546.12,1500.2,347.91,2500,70
46,2020.5,1423.6,153.17,2500,70
46,503.16,1034.1,-355.76,2500,70
46,519.93,1833.3,335.06,2500,70
46,794.97,388.32,198.37,2500,70
46,1867.4,1556.1,322.11,2500,70
46,1031.1,2134,-288.38,2500,70
46,1969.4,1532.5,305.88,2500,70
46,1376.8,1667.5,-231.46,2500,70
46,470.62,1488.7,333.76,2500,70
46,904.91,408.06,256.73,2500,70
47,791.14,1462.9,-103.75,2500,70
47,887.23,453.29,270.17,2500,70
47,1681.3,1694.6,343.34,2500,70
47,1154.4,2001.7,-368.47,2500,70
47,538.22,1171.9,-276.68,2500,70
47,846.9,1079.7,134.96,2500,70
47,882.06,409.63,238.01,2500,70
47,494.94,883.33,-360.78,2500,70
47,2095.1,1157.6,-53.765,2500,70
47,1441.7,1727.6,250.84,2500,70
47,794.48,1470.2,-56.442,2500,70
47,1071.1,2118.2,-346.83,2500,70
47,1994,1414.2,146.06,2500,70
47,875.54,2116.1,-306.6,2500,70
47,1449.5,919.32,219.68,2500,70
47,1899.1,990.03,-330.56,2500,70
47,1555.5,880.99,-329.67,2500,70
47,724,2092.7,-51.42,2500,70
47,1625.1,1673.1,379.48,2500,70
47,645.34,2099.3,19.791,2500,70
47,1001.3,404.88,257.8,2500,70
47,729.47,2191.1,-127.93,2500,70
47,1391.2,816.93,309.42,2500,70
47,1238.9,917.3,-187.04,2500,70
47,624.15,2136.4,-40.069,2500,70
47,944.15,1041.1,60.651,2500,70
47,517.22,1506.2,292.42,2500,70
47,861.73,2174.3,-158.48,2500,70
47,1283.7,897.54,-182.33,2500,70
47,931.12,2132.1,-310.76,2500,70
48,712.76,1367,-136.41,2500,70
48,590.11,1365,244.32,2500,70
48,1973.5,1039,-221.04,2500,70
48,1108.5,566.66,300.7,2500,70
48,551.31,1963,240.39,2500,70
48,710.87,2156,-116.7,2500,70
48,697.03,1273.7,203.16,2500,70
48,784.18,2118.6,-185.62,2500,70
48,609.12,432.87,-8.8353,2500,70
48,1450.5,1266.6,-33.462,2500,70
48,450.07,829.44,-317.77,2500,70
48,1217.6,541.25,341.05,2500,70
48,1179.6,1616.6,124.8,2500,70
48,1268.7,659.77,315.89,2500,70
48,501.33,1050.4,-376,2500,70
48,596.43,415.98,-55.723,2500,70
48,1001.5,998.43,47.478,2500,70
48,2107.2,1325,-17.78,2500,70
48,531.13,1171,-294.7,2500,70
48,464.37,607.21,-279.08,2500,70
48,458.71,753.72,-314.27,2500,70
48,1486.5,1407.8,-87.121,2500,70
48,1573.1,844.21,-376.82,2500,70
48,1445.7,1138.6,73.888,2500,70
48,1979.1,1446.1,180.17,2500,70
48,1403.1,884.01,197.73,2500,70
48,1364.7,1690.7,-269.2,2500,70
48,519.91,1702.8,374.57,2500,70
48,830.14,2108.7,-173.17,2500,70
48,1172.7,588.88,360.39,2500,70
49,1232.2,581.24,336.36,2500,70
49,1938.7,1531.5,241.03,2500,70
49,666.6,1305.7,-217.42,2500,70
49,2086,1091.1,-207.21,2500,70
49,707.14,2166.5,13.896,2500,70
49,1329.8,1900.9,-322.78,2500,70
49,986.74,2173.5,-339.41,2500,70
49,795.18,1157.7,183.02,2500,70
49,581.07,1393.7,344.67,2500,70
49,1478.2,1423.5,-117.16,2500,70
49,1724.4,875.17,-390.35,2500,70
49,1681.1,840.12,-311.74,2500,70
49,1188.7,1984.6,-388.27,2500,70
49,1346.6,1687.7,-215.82,2500,70
49,1436,1358.2,-15.235,2500,70
49,1057,911.09,-85.282,2500,70
49,1410.1,1697,204.97,2500,70
49,1333.8,807.79,258.36,2500,70
49,2044.2,1371.4,85.3,2500,70
49,1583.7,1651.1,376.54,2500,70
49,485.99,799.87,-325.06,2500,70
49,878.89,2117.9,-224.62,2500,70
49,1401.5,985.28,160.14,2500,70
49,458.1,1754.4,305.03,2500,70
49,1707.1,931.27,-396.31,2500,70
49,1909.3,929.38,-298.38,2500,70
49,545.28,1167.3,-287.39,2500,70
49,490.36,627.77,-216.69,2500,70
49,1240.7,591.36,373.17,2500,70
49,544.48,1950.9,265.52,2500,70
50,1408.2,1444.6,-75.282,2500,70
50,531.24,2018.2,176.76,2500,70
50,1969.9,1490.8,256.17,2500,70
50,859.04,424.8,263.9,2500,70
50,546.3,1508.6,289.47,2500,70
50,990.13,2131.7,-285.78,2500,70
50,469.5,1007.1,-315.48,2500,70
50,1446.6,1142.5,154.65,2500,70
50,816.29,1446.5,-116.99,2500,70
50,1462.3,1719.5,265.94,2500,70
50,582.3,1276.4,306.96,2500,70
50,1017.4,1619.3,8.7397,2500,70
50,1186.6,1666,197.37,2500,70
50,801.06,2180.1,-169.96,2500,70
50,1134.6,1631.4,84.646,2500,70
50,755.06,1392,-219.89,2500,70
50,835.27,1041.1,113.75,2500,70
50,513.58,1922.3,189.76,2500,70
50,2112.1,1294.8,84.869,2500,70
50,1310.3,1710.3,246.91,2500,70
50,481.35,1577.7,380.38,2500,70
50,1252.3,1873.6,-363.11,2500,70
50,2066.3,1176,-184.97,2500,70
50,1482.4,1747.8,289.94,2500,70
50,633.62,1398.2,259.18,2500,70
50,685.16,1285.5,263.3,2500,70
50,1249.6,1867.7,-341.72,2500,70
50,1582.3,1738.4,320.06,2500,70
50,465.54,681.83,-251.82,2500,70
50,762.41,1478.2,-154.84,2500,70
51,567.73,2066.6,96.26,2500,70
51,983.72,2152,-327.45,2500,70
51,2030.8,1068.4,-141.27,2500,70
51,1055.9,485.63,343.91,2500,70
51,536.8,1056,-347.58,2500,70
51,500.17,1589.4,319.71,2500,70
51,1018.4,1008.9,-4.9202,2500,70
51,1230.8,1965.7,-300.39,2500,70
51,921.64,987.16,9.4639,2500,70
51,492.16,632.78,-209.48,2500,70
51,1909.2,1641,338.69,2500,70
51,1438.6,1119,46.986,2500,70
51,1244.8,1895,-299.97,2500,70
51,1546.3,1707.4,285.88,2500,70
51,617.85,1290.6,251.79,2500,70
51,1226.8,1988.8,-366.86,2500,70
51,737.36,2179.3,-73.605,2500,70
51,854.06,2126.7,-219.51,2500,70
51,510.96,1546.6,393.4,2500,70
51,552.74,2009.3,164.48,2500,70
51,838.6,1400.8,-106.14,2500,70
51,604.03,560.61,-131.32,2500,70
51,2102,1118.3,-109.59,2500,70
51,1887.5,1612.9,305.25,2500,70
51,1075,2013.2,-367.76,2500,70
51,1059.4,1583.7,53.719,2500,70
51,1352.5,1764.7,-343.57,2500,70
51,803.83,2164.6,-162.86,2500,70
51,1916.4,1633.6,321.81,2500,70
51,1186.3,2031,-307.86,2500,70
52,851.37,357.74,208.69,2500,70
52,1483.5,1268.2,11.503,2500,70
52,1870.8,1600.3,318.42,2500,70
52,1421.1,873.45,-258.81,2500,70
52,1384.8,806.32,259.42,2500,70
52,1173.1,1921.4,-325.68,2500,70
52,446.05,1836.6,237.65,2500,70
52,2039,1441.1,156.97,2500,70
52,1353.1,1611.1,-224.89,2500,70
52,2058.2,1174.6,-128.08,2500,70
52,1485.7,1415.1,-59.662,2500,70
52,1983.4,1056.7,-305.4,2500,70
52,1721.3,918.11,-346.19,2500,70
52,443.12,888.62,-377.67,2500,70
52,1378.8,1021.9,199.09,2500,70
52,1159,901.69,-144.78,2500,70
52,2068.7,1338,-24.258,2500,70
52,667.79,1285.1,268.93,2500,70
52,916.59,425.92,235.1,2500,70
52,688.03,1232,-206.02,2500,70
52,631.28,1363,236.93,2500,70
52,1408.6,1077.8,114.69,2500,70
52,1435.2,1118.7,145.29,2500,70
52,1520.1,1674.1,328.6,2500,70
52,1269.3,1704.6,234.32,2500,70
52,455.86,1606.2,345.25,2500,70
52,894.42,1063.1,6.6393,2500,70
52,1173.8,2052.7,-306.95,2500,70
52,1285,752.55,324.91,2500,70
52,1298.4,1659.3,207.75,2500,70
53,630.97,1356.3,290.08,2500,70
53,499.87,1637.9,393.68,2500,70
53,1455,855.57,-232.4,2500,70
53,822.86,2141.3,-239.5,2500,70
53,852.02,1047.2,41.944,2500,70
53,851.26,1557,-65.51,2500,70
53,1421.8,1462.8,-70.253,2500,70
53,1414.8,940.05,181.8,2500,70
53,723.6,1310.8,-170.35,2500,70
53,1833.8,1582.3,283.07,2500,70
53,647.25,1254.8,-251.64,2500,70
53,2107.7,1188.7,-157.66,2500,70
53,1133.5,1629.3,151.16,2500,70
53,1173.4,522.3,331.12,2500,70
53,868.37,374.11,137.1,2500,70
53,1910.9,937.96,-343.26,2500,70
53,1060.2,2046.2,-381.14,2500,70
53,1014.4,425.94,299.14,2500,70
53,1355.2,1742.1,-286.13,2500,70
53,668.48,431.46,35.888,2500,70
53,1408.9,1645.8,-243.78,2500,70
53,1858.9,1610.7,371.94,2500,70
53,1312.8,1644.4,215.99,2500,70
53,1781,918.66,-295.58,2500,70
53,441.51,1797.1,360.58,2500,70
53,1412.8,1693.9,-287.86,2500,70
53,513.28,2016.7,92.282,2500,70
53,1181.3,1710.9,190.21,2500,70
53,1125.6,1598.5,95.964,2500,70
53,1029.4,2063,-298.49,2500,70
54,545.2,1988.2,167.75,2500,70
54,2010.9,994.82,-232.48,2500,70
54,640.76,1203.8,-248.85,2500,70
54,1581.2,1674.6,336.21,2500,70
54,1819.1,1609.7,362.4,2500,70
54,1433.2,1462.3,-111.9,2500,70
54,753.76,2112.4,-103.95,2500,70
54,1463.6,1469,-164.04,2500,70
54,1270.3,1934.1,-317.73,2500,70
54,689.43,1245.7,-295.17,2500,70
54,1438.1,1133.9,127.17,2500,70
54,1134.5,916.27,-79.206,2500,70
54,512.2,554.92,-193.39,2500,70
54,1482.2,1744.5,270.22,2500,70
54,1761.3,884.51,-332.8,2500,70
54,706.16,2133.2,-53.053,2500,70
54,1091,504.82,360.94,2500,70
54,444.11,1913.3,245.3,2500,70
54,1380.7,818.63,-224.03,2500,70
54,1461.6,1225.7,26.814,2500,70
54,1234.6,650.93,389.06,2500,70
54,1688.7,1718.3,352.05,2500,70
54,523.04,1533.3,325.92,2500,70
54,528.09,1470.7,285.18,2500,70
54,1355.7,763.58,281.4,2500,70
54,724.49,2169.2,-87.362,2500,70
54,602.75,539.56,-80.08,2500,70
54,505.21,1603.3,357.01,2500,70
54,501.7,758.78,-269.35,2500,70
54,1508.6,864.33,-342.05,2500,70
55,1594,870.37,-286.17,2500,70
55,575.38,1197.2,-262,2500,70
55,522.39,1888.4,318.98,2500,70
55,539.55,1976,186.53,2500,70
55,1407.1,912.34,-285.33,2500,70
55,1287.8,866.01,-256.78,2500,70
55,1942.1,982.67,-332.3,2500,70
55,1355.8,902.79,250.26,2500,70
55,439.96,775.55,-315.67,2500,70
55,1356,1737.3,212.12,2500,70
55,581.29,1285,295.24,2500,70
55,1361.4,1608.3,-212.81,2500,70
55,1427.3,900.72,242.86,2500,70
55,987.53,488.24,313.75,2500,70
55,1460.9,1080.5,124.62,2500,70
55,661.95,1245.9,-203.4,2500,70
55,1997.4,1069.5,-205.45,2500,70
55,978.4,438.96,280,2500,70
55,917.69,1007.7,22.06,2500,70
55,816.12,378.15,192.19,2500,70
55,1999.9,1538.6,306.38,2500,70
55,731.33,460.95,39.213,2500,70
55,898.78,1104.3,44.745,2500,70
55,764.49,1340.8,-172.7,2500,70
55,859.69,1530.2,-108.79,2500,70
55,1087.5,2107,-312.43,2500,70
55,789.28,386.32,122.63,2500,70
55,1148.2,2013,-297.29,2500,70
55,601.62,478.82,-56.334,2500,70
55,1315.8,725.62,349.73,2500,70
56,1277.7,909.01,-241.79,2500,70
56,613.85,2114.3,71.497,2500,70
56,1363.7,763.92,349,2500,70
56,1068.8,517.85,386.83,2500,70
56,825.52,1127.3,55.663,2500,70
56,1034.2,1525,-19.236,2500,70
56,957.57,997.71,77.153,2500,70
56,573.27,1478.7,285.75,2500,70
56,501.2,1477.9,321.11,2500,70
56,849.03,1510.7,-83.124,2500,70
56,1408,951.49,171.56,2500,70
56,512.14,1005.6,-319.76,2500,70
56,1398.1,1646.1,-209.41,2500,70
56,1414.7,1168.8,31.194,2500,70
56,499.8,771.75,-282.28,2500,70
56,1421.1,1652.6,292.7,2500,70
56,636.3,1297.8,-288.71,2500,70
56,1346.2,1761,-350.05,2500,70
56,1238.2,1882.7,-373.4,2500,70
56,876.19,2162.4,-230.56,2500,70
56,1283.8,1894.9,-327.07,2500,70
56,1003.2,1564.8,27.511,2500,70
56,857.39,1051.2,133.34,2500,70
56,597.84,1471.2,329.75,2500,70
56,1265.9,578.87,346.49,2500,70
56,1435.8,1124.4,108.88,2500,70
56,429.99,1694.6,371.97,2500,70
56,1662.7,1728.2,359.97,2500,70
56,1100.2,945.33,-115.62,2500,70
56,1486.3,1671.7,310.74,2500,70
57,735.87,2183.3,-41.228,2500,70
57,1237,619.28,389.37,2500,70
57,1061.8,1616.2,84.945,2500,70
57,474.67,1808.9,332.74,2500,70
57,441.89,1647.7,322.15,2500,70
57,536.25,1162.4,-314.74,2500,70
57,1133.3,2028.8,-394.74,2500,70
57,2070.5,1085.8,-193.33,2500,70
57,536.64,1925.9,163.22,2500,70
57,1889.9,913.43,-296.27,2500,70
57,2005.7,1115,-223.56,2500,70
57,1220.9,1909.9,-313.27,2500,70
57,585.04,2064.8,107.37,2500,70
57,803.86,1365.5,-172.37,2500,70
57,1440.2,1601.8,-157.36,2500,70
57,1880.9,1613.1,292.71,2500,70
57,666.42,2128,-5.5657,2500,70
57,816.66,1130.9,125.37,2500,70
57,2077.2,1238.7,-90.159,2500,70
57,470.82,1066.6,-348.55,2500,70
57,1458,1378.3,-38.541,2500,70
57,1182.2,574.87,335.18,2500,70
57,547.12,1534.5,360.22,2500,70
57,1319.9,784.31,305.86,2500,70
57,1437.1,1271.6,9.38,2500,70
57,842.4,1050.3,92.906,2500,70
57,1314.3,742.2,304.52,2500,70
57,878.59,376.49,264.11,2500,70
57,2073.5,1443.9,134.91,2500,70
57,2085,1279.8,-10.784,2500,70
58,1656.8,911.24,-338.87,2500,70
58,1466.7,1493.2,-141.48,2500,70
58,1431.5,1469.3,-160.69,2500,70
58,1562.6,860.93,-355.3,2500,70
58,1378.3,1740.2,-312.58,2500,70
58,546.08,1460.4,301.9,2500,70
58,793.99,1046.5,100.98,2500,70
58,447.94,1690.6,289.97,2500,70
58,1382.7,1082.2,197.96,2500,70
58,1094,895.98,-40.058,2500,70
58,1142.6,2064.9,-391.53,2500,70
58,556.7,1092.4,-337.3,2500,70
58,1090.2,2020.8,-326.56,2500,70
58,1390.9,1110.3,165.14,2500,70
58,1048,2049.9,-361.04,2500,70
58,1074.7,1673.9,74.863,2500,70
58,1861.8,966.65,-282.47,2500,70
58,574.56,1440,346.85,2500,70
58,985.23,1057.6,10.156,2500,70
58,1451.4,1224.2,-5.2847,2500,70
58,479.75,1747.1,357.12,2500,70
58,2021.2,1082.6,-256.71,2500,70
58,538.45,2079.4,77.413,2500,70
58,831.88,2147.3,-186.06,2500,70
58,1442,1526.5,-117.56,2500,70
58,677.06,1221.5,211.68,2500,70
58,942.94,1006.1,61.972,2500,70
58,1376.7,1551.7,-157.22,2500,70
58,1412.6,1060.8,80.654,2500,70
58,1375.4,1707.5,-239.83,2500,70
59,567.31,1129.8,-336.03,2500,70
59,1134.7,490.02,389.59,2500,70
59,1191.2,589.67,335.52,2500,70
59,1346.1,852.95,-281.07,2500,70
59,1697.6,891.8,-356.67,2500,70
59,752.19,2144.3,-75.091,2500,70
59,569.75,2032.3,81.216,2500,70
59,434.73,789.8,-299.4,2500,70
59,752.21,1458.5,-156.55,2500,70
59,911.16,2181.3,-224.39,2500,70
59,924.4,422.66,210.14,2500,70
59,1081,565.63,353.04,2500,70
59,948.03,465.27,279.19,2500,70
59,449.58,1894,200.69,2500,70
59,1897.2,982.5,-270.44,2500,70
59,625.12,1303.2,315.97,2500,70
59,1834.9,1625.5,348.54,2500,70
59,1802,1641.4,308.25,2500,70
59,1871.1,1618.1,322.52,2500,70
59,513.47,1594.4,384.11,2500,70
59,2089,1306.2,70.52,2500,70
59,881.06,2185,-242,2500,70
59,1755.6,1628.9,337.14,2500,70
59,1431.7,1684.3,245.05,2500,70
59,522.06,689.54,-300.05,2500,70
59,1054.8,894.88,-110.84,2500,70
59,2013.4,1126.4,-138.94,2500,70
59,1291.6,1694.9,194.77,2500,70
59,595.39,2082.7,113.67,2500,70
59,1203.9,1955.8,-355.84,2500,70
60,1867.2,1588.4,334.61,2500,70
60,1180.3,875.5,-116.86,2500,70
60,607.89,1378.7,337.4,2500,70
60,2052.6,1309.6,15.99,2500,70
60,1357.1,774.49,299.94,2500,70
60,1456.6,1284.1,-37.878,2500,70
60,1834.9,966.31,-313.65,2500,70
60,1374.7,880.4,272.5,2500,70
60,685.3,469.01,27.257,2500,70
60,2094.3,1391.9,34.048,2500,70
60,511.83,835.33,-355.47,2500,70
60,582.52,1073.9,-330.37,2500,70
60,902.89,2135,-194.17,2500,70
60,1259.6,906.43,-169.31,2500,70
60,812.69,2130.8,-181.78,2500,70
60,837.63,419.3,250.65,2500,70
60,2025,1419.1,122.5,2500,70
60,1436,1406.8,-82.463,2500,70
60,1941.6,940.2,-284.48,2500,70
60,552.29,2037.6,105.89,2500,70
60,1168.5,2018.6,-394.04,2500,70
60,2059.9,1357.8,164.18,2500,70
60,739.68,1150.5,191.07,2500,70
60,771.86,2150.4,-139.88,2500,70
60,529.83,1977.8,170.12,2500,70
60,1741.3,1701.8,315.12,2500,70
60,1684.2,1641.6,373.24,2500,70
60,1448.6,888.91,-265.7,2500,70
60,757.15,2107.4,-115.19,2500,70
60,1182,519.9,302.4,2500,70
61,2039,1096.1,-105.29,2500,70
61,2000.4,1059.3,-265.22,2500,70
61,1537.4,1724.7,265.56,2500,70
61,555.04,477.84,-101.06,2500,70
61,1015.2,1582.5,43.199,2500,70
61,1167.8,575.82,357.29,2500,70
61,1009.4,1640,26.704,2500,70
61,1891.8,1599.6,295.55,2500,70
61,457.22,1010.7,-354.51,2500,70
61,2045.6,1139.8,-182.05,2500,70
61,794.01,1197.4,195.62,2500,70
61,1282,881.07,-174.16,2500,70
61,1445.7,1259.7,22.546,2500,70
61,2049.7,1342.1,134.63,2500,70
61,761.26,1311.4,-213.06,2500,70
61,575.38,1965.2,125.37,2500,70
61,656.47,446.44,-35.819,2500,70
61,1929.5,1014.4,-269.76,2500,70
61,1230.4,1886.1,-300.76,2500,70
61,1956.7,1534.5,249.69,2500,70
61,512.1,1650.6,311.58,2500,70
61,604.47,2102.6,125.26,2500,70
61,576.79,1215.1,-308.78,2500,70
61,2103.1,1206.5,-75.705,2500,70
61,484.41,1682.4,345.71,2500,70
61,477.87,587.21,-218.32,2500,70
61,1318.2,1779.7,-290.11,2500,70
61,523.67,2005.9,161.94,2500,70
61,527.9,2003.3,216.57,2500,70
61,901.77,2131.4,-221.12,2500,70
62,1969.5,1446.9,253.68,2500,70
62,1021.8,1603.4,41.898,2500,70
62,2068.1,1454.7,179.13,2500,70
62,550.64,1154.3,-312.01,2500,70
62,796.67,1114.7,180.66,2500,70
62,1121.4,1663.1,95.379,2500,70
62,736.09,417.82,152.09,2500,70
62,1304.4,740.51,312.82,2500,70
62,1040.7,476.82,332.35,2500,70
62,1002.9,418.08,334.34,2500,70
62,1108,879.65,-158.99,2500,70
62,1878,979.8,-383.32,2500,70
62,1095.4,1621.6,121.96,2500,70
62,634.13,2089.4,13.367,2500,70
62,2006.8,1108.4,-184.14,2500,70
62,1002.3,2114.7,-304.07,2500,70
62,1423.3,1275.5,40.362,2500,70
62,613.38,2017.6,81.086,2500,70
62,2014.2,1418.8,189.54,2500,70
62,464.18,808.6,-326.67,2500,70
62,1808.3,1645,296.02,2500,70
62,1967.4,1588.7,298.57,2500,70
62,452.4,1597,390.11,2500,70
62,491.03,991.73,-394.16,2500,70
62,1055.7,503.35,309.42,2500,70
62,536.72,1423.9,374.28,2500,70
62,788.57,1440.3,-162.07,2500,70
62,1268.9,875.93,-214.46,2500,70
62,1883.3,1637,286.79,2500,70
62,2095.1,1355.9,142.67,2500,70
63,455.8,1861.5,276.9,2500,70
63,1177.4,1993.4,-367.66,2500,70
63,892.01,387.45,211.34,2500,70
63,774.37,1142.7,177.4,2500,70
63,650.81,1283.1,-249.55,2500,70
63,1264.4,743.15,340.41,2500,70
63,808.82,436.67,197.15,2500,70
63,783.25,439.7,81.881,2500,70
63,488.52,1961.9,225.63,2500,70
63,706.48,386.89,72.534,2500,70
63,1666.5,1703.2,341.45,2500,70
63,821.44,1464.5,-116.73,2500,70
63,834.41,1073.3,98.393,2500,70
63,735.97,1346,-257.46,2500,70
63,1262,1633.6,214.55,2500,70
63,973.42,1571.5,69.949,2500,70
63,1453.6,1220.2,43.647,2500,70
63,671.56,1286.3,-209.12,2500,70
63,511.37,1809.4,349.56,2500,70
63,1953.2,986.27,-270.89,2500,70
63,973.87,403.34,318.58,2500,70
63,619.9,1154.4,-310.78,2500,70
63,1002.3,973.39,21.169,2500,70
63,718.86,1315.2,-164.06,2500,70
63,1071,507.67,289.61,2500,70
63,668.04,1294.9,-293.29,2500,70
63,2080.5,1090.9,-230.03,2500,70
63,1240,1955.9,-389.57,2500,70
63,1993.4,1131,-163.14,2500,70
63,1111.7,2107.5,-304.08,2500,70
64,2036.1,1210.9,-117.39,2500,70
64,1460.3,1397.9,-105.41,2500,70
64,1236.6,1927.6,-344.03,2500,70
64,471.62,1963.5,238.27,2500,70
64,1882.3,938,-292.91,2500,70
64,1348.1,807.35,318.19,2500,70
64,481.89,966.03,-385.15,2500,70
64,587.27,1993.8,137.48,2500,70
64,589.98,2125.4,80.146,2500,70
64,636.71,1221.2,-335.45,2500,70
64,974.76,419.05,255.36,2500,70
64,1267.1,698.16,359.17,2500,70
64,1525.8,1747.5,279.12,2500,70
64,1239.2,643.17,380.77,2500,70
64,636.74,2030.2,64.777,2500,70
64,1394,797.17,288.11,2500,70
64,544.07,1148.7,-279.57,2500,70
64,701.59,1286.4,-274.62,2500,70
64,1822.6,905.8,-352.95,2500,70
64,535.61,1637.1,395.49,2500,70
64,1255.2,1719.4,258.15,2500,70
64,1241.5,1938,-299.97,2500,70
64,1176.9,930.47,-144.22,2500,70
64,1416.5,819.52,-230.6,2500,70
64,657.6,462.52,75.888,2500,70
64,1456.9,1609.4,-210.51,2500,70
64,1855.7,951.02,-349.92,2500,70
64,558.4,1146.4,-333.2,2500,70
64,857.26,2149.2,-233.47,2500,70
64,523.84,1639.6,385.17,2500,70
65,677.5,1177.7,222.8,2500,70
65,1070,2045.5,-318.74,2500,70
65,671.68,1230.7,180.22,2500,70
65,931.9,2108.3,-228.84,2500,70
65,1452.6,1306.3,9.0801,2500,70
65,748.55,1209.7,170.39,2500,70
65,1060.6,956.58,-67.339,2500,70
65,1965.8,1625.4,299.97,2500,70
65,533.99,555.9,-195.28,2500,70
65,517.32,853.94,-363.14,2500,70
65,1006.9,489.35,286.24,2500,70
65,1188.1,1666,213.1,2500,70
65,503.82,1699.9,330.53,2500,70
65,530.63,1581.1,379.2,2500,70
65,2089.8,1361.4,73.089,2500,70
65,1213.8,1937.4,-302.59,2500,70
65,608.77,496.42,12.128,2500,70
65,477.62,924.68,-354.64,2500,70
65,510.94,774.85,-266.69,2500,70
65,632.19,2147.9,33.407,2500,70
65,2053.6,1067.6,-252.04,2500,70
65,620.27,1215,-348.01,2500,70
65,597.38,1389.8,337.78,2500,70
65,1367.8,1682.4,-275.71,2500,70
65,1361.2,1718.6,-278.72,2500,70
65,2022.3,1464.5,116.57,2500,70
65,521.08,969.33,-336.23,2500,70
65,615.92,2061.9,15.392,2500,70
65,643.19,433.81,3.5202,2500,70
65,822.35,396.4,178.24,2500,70
66,821.78,1061.9,32.264,2500,70
66,1201.4,671.24,323.95,2500,70
66,1419.8,998.49,225.85,2500,70
66,1969.1,1498.9,194.84,2500,70
66,1705.9,865.84,-341.07,2500,70
66,872.03,361.97,215.89,2500,70
66,512.22,1956.7,191.44,2500,70
66,1120.1,975.26,-58.49,2500,70
66,1604.3,911.16,-347.19,2500,70
66,1489.4,820.26,-273.59,2500,70
66,951.05,2113.8,-305.04,2500,70
66,1964.8,1511.6,189.58,2500,70
66,1395.3,1092.1,70.867,2500,70
66,1428.1,1580.9,-241.37,2500,70
66,2074,1282.5,56.576,2500,70
66,543.08,556.06,-160.01,2500,70
66,1227.6,624.95,346.36,2500,70
66,715.32,2111.6,-4.7434,2500,70
66,2030.4,1494.1,222.02,2500,70
66,1890.5,1588.7,300.46,2500,70
66,1876.6,1660.7,328.99,2500,70
66,901.82,426.87,234.81,2500,70
66,1084.9,455.74,324.71,2500,70
66,1454.6,1661.3,348.27,2500,70
66,1103.1,1657.8,82.675,2500,70
66,1951.6,967.06,-305.36,2500,70
66,1209.9,1625.5,240.86,2500,70
66,537.42,1050.7,-317.09,2500,70
66,2126.3,1329.2,78.638,2500,70
66,1227.7,1608.2,168.42,2500,70
67,1458.1,1460.6,-152.3,2500,70
67,1329.7,842.5,-215.45,2500,70
67,1468.2,895.55,-256.33,2500,70
67,530.16,1572.3,325.11,2500,70
67,1696.8,1670.4,365.87,2500,70
67,1428.5,1042.7,100.44,2500,70
67,1321.7,697.71,350.3,2500,70
67,1353.5,847.16,240.29,2500,70
67,611.62,486.82,-25.783,2500,70
67,910.72,1532.9,-96.682,2500,70
67,607.19,1176.5,-291.58,2500,70
67,661.82,2097.3,-17.222,2500,70
67,962.42,2101,-310.36,2500,70
67,725.62,1440.7,-141.34,2500,70
67,968.44,1533,40.624,2500,70
67,670.5,410.01,58.273,2500,70
67,1684.2,1700.9,359.81,2500,70
67,551.13,1412.5,297.56,2500,70
67,1658.3,897.59,-350.64,2500,70
67,882.28,464.05,283.13,2500,70
67,499.75,614.83,-191.95,2500,70
67,945.84,390.55,246.31,2500,70
67,1437.9,904.09,-289.52,2500,70
67,756.36,1141.2,153.42,2500,70
67,1510.7,822.31,-251.28,2500,70
67,1424.4,1068.4,161.11,2500,70
67,1031.8,1596,39.105,2500,70
67,731.71,1437.8,-180.81,2500,70
67,1230.5,1626.5,217.04,2500,70
67,434.09,1842.7,299.82,2500,70
68,2048.9,1124.9,-90.08,2500,70
68,1965.8,1520.4,257.82,2500,70
68,850.58,389.57,192.23,2500,70
68,1405.2,903.31,-327.78,2500,70
68,1988.9,1487.8,243.63,2500,70
68,483.21,1798.1,291.58,2500,70
68,1413.1,1009.7,167.69,2500,70
68,1099.8,1573.6,72.625,2500,70
68,1158.8,1677.1,178.27,2500,70
68,1389.3,1445.3,-166.64,2500,70
68,992.05,2098.7,-259.78,2500,70
68,1868.4,903.44,-366.01,2500,70
68,629.29,463.99,19.886,2500,70
68,1929,1537.9,259.6,2500,70
68,525.11,1454.1,380.79,2500,70
68,1665.7,844.16,-373.48,2500,70
68,1890.2,1013.6,-324.22,2500,70
68,762.56,1149.9,127.65,2500,70
68,1485.8,1671,273.47,2500,70
68,575.01,488.53,-106.78,2500,70
68,523.3,1952.6,260.65,2500,70
68,2002.2,1578.5,258.99,2500,70
68,1407.3,833.58,-230.09,2500,70
68,1221,916.94,-185.73,2500,70
68,2036.8,1186.5,-106.1,2500,70
68,1413.8,812.96,-262.87,2500,70
68,594.45,2051.9,82.594,2500,70
68,2127,1205.4,-58.783,2500,70
68,1408.3,1606.5,-225.38,2500,70
68,1361.8,1640.1,-182.73,2500,70
69,478.56,1762.2,365.64,2500,70
69,1278.1,735.58,345.66,2500,70
69,1436.7,1521.2,-212.65,2500,70
69,959.54,438.34,280.81,2500,70
69,1909.6,1527.2,272.67,2500,70
69,1060.5,2082.7,-342.84,2500,70
69,1962.8,1550.7,340.31,2500,70
69,1383.2,1069,142.89,2500,70
69,482.64,1977.9,181.52,2500,70
69,1484.7,1363,-28.061,2500,70
69,1904.3,1652.1,353.72,2500,70
69,1809.4,1610.1,339.89,2500,70
69,736.97,1344.2,-180.18,2500,70
69,663.01,485.61,3.3694,2500,70
69,1426.6,1055.9,146.95,2500,70
69,1438.2,1402.7,-90.645,2500,70
69,477.18,1713.4,320.23,2500,70
69,1775.1,945.01,-361.51,2500,70
69,1441.3,1606.3,-214.22,2500,70
69,918.44,443.36,215.26,2500,70
69,1151,1612.6,178.18,2500,70
69,1407.4,1060.9,88.601,2500,70
69,1675.1,1724,357.96,2500,70
69,468.73,1031.9,-328.8,2500,70
69,1575.2,875.98,-341.67,2500,70
69,431.18,1702,383.22,2500,70
69,737.53,1377.7,-228.32,2500,70
69,1745.6,1702.8,348.16,2500,70
69,486.41,579.03,-209.94,2500,70
69,589.83,2084.4,56.104,2500,70
70,902.96,427.81,227.45,2500,70
70,2075.9,1326.4,11.907,2500,70
70,488.42,2014.4,175.93,2500,70
70,1184.7,2026.6,-356.52,2500,70
70,1203.5,933.47,-210.55,2500,70
70,804.27,2135.1,-196.99,2500,70
70,1104.8,530.77,310.01,2500,70
70,1550.6,891.01,-322.79,2500,70
70,474.34,890.58,-383.87,2500,70
70,759.11,360.2,189.52,2500,70
70,1907,953.71,-269.37,2500,70
70,491.17,1048.8,-319.52,2500,70
70,1047.2,476.96,338.25,2500,70
70,1091.7,498.55,394.79,2500,70
70,988.34,389.47,297.86,2500,70
70,1879,1590.4,327.84,2500,70
70,506.18,615.83,-242.15,2500,70
70,1744.1,841.54,-347.79,2500,70
70,740.63,1373.2,-195.15,2500,70
70,505.71,1842.6,319.95,2500,70
70,1758.1,1700.7,379.29,2500,70
70,800.96,2191.6,-96.82,2500,70
70,870.98,446.31,218.35,2500,70
70,2080.8,1385.7,112.75,2500,70
70,1755.5,1710.2,390.44,2500,70
70,1332.9,858.5,-199.27,2500,70
70,1275,1971.9,-319.91,2500,70
70,1513.3,863.31,-296.04,2500,70
70,422.89,1732.6,340.53,2500,70
70,1135,974.06,-71.242,2500,70
71,1325.9,1648.6,205.82,2500,70
71,1358.1,1676.3,-242.25,2500,70
71,909.36,2116.5,-243.32,2500,70
71,1280.7,1762.1,-315.77,2500,70
71,1878.9,951.09,-302.09,2500,70
71,1970.1,984.96,-268.6,2500,70
71,608.49,418.58,36.685,2500,70
71,2034,1135.3,-140.61,2500,70
71,923.61,2175.7,-287.34,2500,70
71,661.12,1179.5,217.22,2500,70
71,487.36,1885.8,207.54,2500,70
71,498.87,1843.1,303.08,2500,70
71,759.63,455.72,48.979,2500,70
71,715.78,1163.6,181.74,2500,70
71,571.22,1990.7,221.78,2500,70
71,1402.5,972,192.9,2500,70
71,1127.8,547.35,307.42,2500,70
71,800.79,1472.7,-78.765,2500,70
71,2069.9,1325.8,15.499,2500,70
71,557.12,1459.9,305.38,2500,70
71,1417.6,957.19,189.39,2500,70
71,562.11,2038,102.01,2500,70
71,1317.5,732.87,354.42,2500,70
71,502.37,743.99,-342.87,2500,70
71,1230.2,590.16,372.97,2500,70
71,1462,1123.1,47.58,2500,70
71,1376.7,1796.7,-309.61,2500,70
71,514.25,1710,358.42,2500,70
71,1863.8,956.48,-338.01,2500,70
71,1002.4,2067.2,-353.22,2500,70
72,1499.8,1716.2,267.38,2500,70
72,535.1,612.79,-149.72,2500,70
72,982.81,2087.4,-314.85,2500,70
72,888.07,1535.7,-95.104,2500,70
72,431.37,1796.4,303.8,2500,70
72,900.34,2184.4,-213.66,2500,70
72,1483,1167,90.799,2500,70
72,1450.2,1142.9,141.35,2500,70
72,1033.1,1011.5,-56.436,2500,70
72,1793.6,1625.2,365.38,2500,70
72,1156.7,1616.6,151.9,2500,70
72,742.83,1100.6,132.61,2500,70
72,1099.5,510.07,343.61,2500,70
72,529.66,1893.9,239.82,2500,70
72,437.34,1803.4,337.38,2500,70
72,941.86,1557.1,-14.598,2500,70
72,992.45,961.85,9.1431,2500,70
72,1997.9,1489.7,247.62,2500,70
72,1424.3,936.34,249.72,2500,70
72,1203.7,883.47,-224.4,2500,70
72,1900.3,1581.3,327.67,2500,70
72,2095.3,1274.2,-24.937,2500,70
72,1191.8,1925.1,-318.38,2500,70
72,1442.8,1131.5,79.177,2500,70
72,2030,1456.6,231.19,2500,70
72,737.77,2193.2,-94.918,2500,70
72,2031.4,1087,-263.04,2500,70
72,1427.4,1659.9,254.69,2500,70
72,783.31,2176.9,-147.25,2500,70
72,1768.5,888.65,-388.34,2500,70
73,1863.9,1558.6,273.77,2500,70
73,540.55,1150.9,-355.07,2500,70
73,1903.8,1620,305.75,2500,70
73,2073.1,1229.3,-89.109,2500,70
73,1881.5,958.06,-354.93,2500,70
73,937.01,442.19,312.54,2500,70
73,1223,634.01,347.54,2500,70
73,1392.1,1420.3,-138.68,2500,70
73,994.47,991.78,-14.001,2500,70
73,1154.5,905.38,-162.42,2500,70
73,666.43,442.3,-13.205,2500,70
73,1448.2,1115.7,88.391,2500,70
73,1127.3,1615.8,122.47,2500,70
73,946.65,2104.9,-293.46,2500,70
73,1396.5,1528.8,-162.71,2500,70
73,1747.1,838.26,-324.27,2500,70
73,481.46,1877.2,229.18,2500,70
73,1961.9,1547.4,257.71,2500,70
73,601.68,2112.7,-18.609,2500,70
73,718.53,2136.9,-141.78,2500,70
73,767.26,1140,132.22,2500,70
73,1340.4,1825,-321.15,2500,70
73,1404.7,1637.1,-219.73,2500,70
73,1561.1,1686.5,359.14,2500,70
73,1472.1,1287.1,-6.7961,2500,70
73,1026.6,1614.7,-24.442,2500,70
73,1223.7,838,-211.71,2500,70
73,890.13,1525.3,-61.15,2500,70
73,1103.8,2007.3,-322.66,2500,70
73,627.06,472.78,8.541,2500,70
74,516.96,1873.4,321.11,2500,70
74,588.62,1210.5,-282.11,2500,70
74,534.26,1356.7,304.11,2500,70
74,1777.8,915.01,-326.27,2500,70
74,1408.7,1062.4,130.44,2500,70
74,2003,1029,-255.41,2500,70
74,987.19,2175.7,-319.53,2500,70
74,554.68,1536.2,368.54,2500,70
74,455.76,1691.6,324.77,2500,70
74,865.16,2181.3,-163.82,2500,70
74,1164.7,1691.2,181.04,2500,70
74,704.06,396.14,54.59,2500,70
74,1394.6,1702.4,305.22,2500,70
74,1338.9,853.81,282.86,2500,70
74,668.22,445.3,53.875,2500,70
74,1446.9,1662,344.1,2500,70
74,1389.8,919.96,226.65,2500,70
74,862.23,2128.1,-172.79,2500,70
74,474.52,856.17,-349.87,2500,70
74,1377.6,796.08,290.85,2500,70
74,943.64,2090,-239.8,2500,70
74,997.17,989.18,-4.3959,2500,70
74,1408.1,1270,29.713,2500,70
74,670.08,1283.8,-247.9,2500,70
74,551.88,1491.5,304.82,2500,70
74,702.73,421.23,115.54,2500,70
74,800.72,1437.2,-141.16,2500,70
74,1838.5,1596.8,324.05,2500,70
74,1854.7,1619.6,320.96,2500,70
74,1200.5,1971.2,-395.21,2500,70
75,1941,1516,246.31,2500,70
75,1287.3,1877,-349.34,2500,70
75,1689.6,831.8,-368.15,2500,70
75,774.88,2191,-114.99,2500,70
75,1431.2,1651.6,261.29,2500,70
75,1394.9,1439.4,-119.03,2500,70
75,1208.6,1690,176.35,2500,70
75,831.92,2168.2,-206.5,2500,70
75,2124.7,1237.8,-105.16,2500,70
75,1396,977.93,181.02,2500,70
75,518.95,1651.3,312.09,2500,70
75,1292.3,1761.2,-258.82,2500,70
75,844.87,1509.8,-117.89,2500,70
75,1361.2,1829.7,-324.35,2500,70
75,1178.4,2025.6,-324.79,2500,70
75,1778.6,970.76,-389.55,2500,70
75,460.52,887.32,-353.49,2500,70
75,2040.3,1157.4,-117.39,2500,70
75,1309,773.81,298.29,2500,70
75,1302.5,849.79,-183.21,2500,70
75,1948.8,1015.8,-292.4,2500,70
75,2042.1,1253.8,-19.813,2500,70
75,1122.2,1665.2,164.6,2500,70
75,489.42,1799.2,314.87,2500,70
75,650.58,457.34,62.36,2500,70
75,584.97,562.19,-121.31,2500,70
75,925.59,2097.7,-212.93,2500,70
75,681.89,1218.7,166.78,2500,70
75,1414,878.55,-251.21,2500,70
75,579.21,1273.6,264.22,2500,70
76,540.61,1424.5,291.57,2500,70
76,1390,1714.8,244.08,2500,70
76,907.27,1518.9,-115.68,2500,70
76,2039.9,1205,-126.07,2500,70
76,1328.9,1806.6,-288.85,2500,70
76,485.28,666.81,-300.28,2500,70
76,494.11,1949.5,201.96,2500,70
76,448.63,1718.8,321.55,2500,70
76,1430.7,908.84,245.17,2500,70
76,444.99,1788.3,264.11,2500,70
76,733.77,1232.2,165.03,2500,70
76,552.61,2074.8,40.13,2500,70
76,2070.7,1172.3,-122.27,2500,70
76,792.1,1390,-90.673,2500,70
76,1071.6,2056.3,-271.44,2500,70
76,1930.6,1507.3,298.5,2500,70
76,612.38,2097.8,41.176,2500,70
76,1383,1797.4,-242.58,2500,70
76,459.23,1565.6,315.96,2500,70
76,577.11,503.64,-166.6,2500,70
76,512.09,1825.7,312.25,2500,70
76,1184,2017.1,-304.99,2500,70
76,853.67,1154.7,167.02,2500,70
76,2120.6,1274.7,34.986,2500,70
76,652.51,476.46,26.326,2500,70
76,1466.1,1464.6,-126.94,2500,70
76,813.88,2155.9,-213.77,2500,70
76,616.32,481.48,-70.08,2500,70
76,728.81,1219.1,190.31,2500,70
76,1093.1,451.83,356.64,2500,70
77,1949.7,1017.9,-310.9,2500,70
77,430.32,822.48,-387.93,2500,70
77,632.7,1351.1,321.94,2500,70
77,1779,862.47,-364.03,2500,70
77,1356.1,1717.2,243.58,2500,70
77,1339.8,791.8,273.12,2500,70
77,1977.9,1112.5,-221.26,2500,70
77,1128.3,492.52,305.86,2500,70
77,449.66,857.12,-380.86,2500,70
77,2032.1,1222.9,-115.24,2500,70
77,1335.8,1731.4,-214.38,2500,70
77,1332.8,740.76,277.33,2500,70
77,985.91,2085.3,-261.62,2500,70
77,869.19,1473.2,-139.85,2500,70
77,1327.1,835.1,263.46,2500,70
77,533.67,645.98,-301.94,2500,70
77,596.5,2059,72.69,2500,70
77,2057,1430.4,180.98,2500,70
77,1179.8,594.71,333.53,2500,70
77,1992.6,1555.2,290.79,2500,70
77,1522.9,859.57,-279.03,2500,70
77,636.13,429.09,-54.824,2500,70
77,1669,853.11,-363.73,2500,70
77,434.8,677.38,-307.33,2500,70
77,522.73,1054.6,-381.19,2500,70
77,1583.9,1665.8,356.46,2500,70
77,1458.6,837.48,-329.94,2500,70
77,1426.4,840.69,-253.32,2500,70
77,1329.1,1653.6,220.44,2500,70
77,651.5,444.87,-34.027,2500,70
78,1215.2,643.03,313.19,2500,70
78,522.31,468.04,-114.05,2500,70
78,1734.2,1690.2,397.09,2500,70
78,1975.6,1540.6,241.19,2500,70
78,1041.3,945.51,-31.708,2500,70
78,905.37,2128.3,-280.25,2500,70
78,1971.7,1002.4,-295.04,2500,70
78,1404,1548.2,-184.53,2500,70
78,1012.4,2129,-303.39,2500,70
78,594.63,1197.2,-250.92,2500,70
78,2047.5,1300,-2.7803,2500,70
78,1257.5,1672.4,199.51,2500,70
78,623.33,1325.4,-194.61,2500,70
78,758.57,2155,-82.97,2500,70
78,681.99,1300.5,-295.85,2500,70
78,1382.3,1669.4,211.55,2500,70
78,2009.3,1063.3,-208.89,2500,70
78,2059.5,1305.5,13.966,2500,70
78,1599.3,1677.2,353.2,2500,70
78,490.81,926.35,-334.1,2500,70
78,1207.3,910.06,-169.1,2500,70
78,1134.7,2036,-328.5,2500,70
78,1477,1314.3,-5.9374,2500,70
78,1933.6,1578.1,301.46,2500,70
78,814.29,418.02,185.13,2500,70
78,1439.5,1010.3,190.16,2500,70
78,1332,787.31,322.48,2500,70
78,1203.6,1647.7,165.01,2500,70
78,1477.8,1444.1,-68.872,2500,70
78,1660.3,835.14,-372.04,2500,70
79,513.56,1562.1,320.4,2500,70
79,461.03,853.78,-315.48,2500,70
79,519.2,1591.4,365.02,2500,70
79,1481,1161.3,47.068,2500,70
79,492.13,683.01,-283.8,2500,70
79,1914.8,983.93,-344.39,2500,70
79,655.51,2162.2,-42.021,2500,70
79,1470.4,1244.5,6.0056,2500,70
79,1163.9,560.35,302.91,2500,70
79,1056.8,961.26,0.45448,2500,70
79,2018.9,1006.8,-276.07,2500,70
79,1207.1,912.51,-105.31,2500,70
79,1363.5,857.99,278.75,2500,70
79,595.17,2016.1,117.37,2500,70
79,470.63,1057.1,-374.33,2500,70
79,488.74,1853.8,235.4,2500,70
79,858.62,1478,-111.62,2500,70
79,918.43,389.82,237.34,2500,70
79,1327.2,1731.8,-290.54,2500,70
79,1543.5,832.19,-294.11,2500,70
79,2103,1288.2,-32.429,2500,70
79,1726.5,1638.6,309.24,2500,70
79,594.58,447.79,-18.584,2500,70
79,1684,1677.8,298.5,2500,70
79,1066.9,1559.5,89.751,2500,70
79,540.26,2014.5,194.96,2500,70
79,1407.2,972.07,173.45,2500,70
79,894.21,409.88,180.22,2500,70
79,433.79,1805,296.1,2500,70
79,697.25,430.96,32.661,2500,70
80,1977.8,1071,-221.16,2500,70
80,1331.9,1702,262.75,2500,70
80,1222.2,1945.7,-334.4,2500,70
80,792.82,1384.9,-152.65,2500,70
80,773.76,395.22,51.273,2500,70
80,1334.4,1627.3,-269.82,2500,70
80,1575.2,1658.5,331.88,2500,70
80,1239.9,1624.6,155.33,2500,70
80,801.01,1081.7,128.28,2500,70
80,680.21,1330.8,269.34,2500,70
80,573.31,1182.2,-275.14,2500,70
80,718.74,390.91,119.11,2500,70
80,2026.9,1074,-237.84,2500,70
80,1109.2,2093.5,-341.49,2500,70
80,770.82,1184.2,163.71,2500,70
80,710.58,403.06,46.374,2500,70
80,1938.1,1614,325.67,2500,70
80,482.33,1555.6,382.48,2500,70
80,684.74,1339.4,245.48,2500,70
80,814.85,2152.6,-131.92,2500,70
80,1744.8,869.43,-332.98,2500,70
80,663.92,2068.9,0.091691,2500,70
80,1187.6,508.1,316.1,2500,70
80,462.35,1803.6,260.51,2500,70
80,1097.4,2054.9,-319.46,2500,70
80,756.08,2110.9,-113.08,2500,70
80,831.6,2187.1,-239.24,2500,70
80,464.74,1867.7,295.48,2500,70
80,2110.2,1183.3,-148.23,2500,70
80,429.37,738.48,-243.5,2500,70
81,1915.6,1608.7,290.47,2500,70
81,1053.6,2113,-272.19,2500,70
81,748.92,2180.3,-173.08,2500,70
81,710.19,1321.4,-176.44,2500,70
81,548.23,1153,-359.09,2500,70
81,1225,592.65,383.14,2500,70
81,1374.7,785.1,266.14,2500,70
81,1939,1008.4,-283.6,2500,70
81,503.92,2011.4,159.4,2500,70
81,2089.2,1103.3,-193.7,2500,70
81,2086.8,1348.2,161.05,2500,70
81,992.89,1558.4,9.9896,2500,70
81,1763.3,916.93,-388.88,2500,70
81,1079.7,471.79,359.4,2500,70
81,930.9,1516.6,-74.519,2500,70
81,2062.3,1174.1,-87.888,2500,70
81,727.12,2092.5,-3.843,2500,70
81,524.69,1161.3,-294.36,2500,70
81,864.94,2158.4,-243.25,2500,70
81,1711.3,910.97,-384.17,2500,70
81,904.76,994.57,66.203,2500,70
81,511.14,1462.8,385.93,2500,70
81,1401.3,1715.2,257.3,2500,70
81,1546,883.14,-325.53,2500,70
81,1837.8,1659,372.94,2500,70
81,2078.3,1135,-158.54,2500,70
81,877.1,1565.1,-60.8,2500,70
81,465.69,1836.8,341.83,2500,70
81,1772.5,1688.6,397.32,2500,70
81,1944.4,929.44,-278.42,2500,70
82,1429.1,1479.3,-115.12,2500,70
82,871.22,1493.2,-70.604,2500,70
82,1292.4,1716.4,164.03,2500,70
82,727.46,464.16,-6.3118,2500,70
82,431.58,704.43,-314.02,2500,70
82,877.42,437.69,230.31,2500,70
82,1905.8,1605.4,292.59,2500,70
82,1315.6,1763.7,-316.79,2500,70
82,1406.9,960.67,179.4,2500,70
82,793.54,413.74,166.61,2500,70
82,1466.3,1471.2,-107.92,2500,70
82,2012.5,1052.5,-261.65,2500,70
82,705.62,1380.8,-254.49,2500,70
82,1917.9,1557.8,299.21,2500,70
82,803.1,1141.8,184.8,2500,70
82,1315,839.91,-194.83,2500,70
82,458.77,1668.1,311.08,2500,70
82,571.04,1124.6,-365.61,2500,70
82,803.84,2149.4,-118.91,2500,70
82,1697.5,846.08,-296.17,2500,70
82,661.11,520.83,-70.649,2500,70
82,1927.1,958.73,-279.46,2500,70
82,694.71,388.72,-18.105,2500,70
82,1103.1,875.27,-89.16,2500,70
82,1206.1,1938.7,-360.76,2500,70
82,541.57,511.69,-145.13,2500,70
82,1979.9,1026,-206.94,2500,70
82,1574.6,892.08,-332.01,2500,70
82,475.33,1634.9,352.05,2500,70
82,1445.2,1257.7,50.518,2500,70
83,646.38,1245.6,-319.97,2500,70
83,1609.6,1659.6,377.8,2500,70
83,506.4,743.56,-319.54,2500,70
83,2020.7,1447.5,170.14,2500,70
83,2085,1405.1,170.15,2500,70
83,513.57,1992.6,91.673,2500,70
83,1093,464.74,358.68,2500,70
83,1955.9,1531.8,212.44,2500,70
83,1393.5,839.02,224.65,2500,70
83,1074.8,1662.3,129.35,2500,70
83,888.44,1547.9,-19.081,2500,70
83,1055.6,482.69,366.76,2500,70
83,748.49,1166.3,198.81,2500,70
83,460.83,748.03,-281.58,2500,70
83,1423.3,1060.5,151.21,2500,70
83,1473,1099.4,116.77,2500,70
83,1363.8,1652.5,256.34,2500,70
83,913.76,2134.6,-268.06,2500,70
83,1336.3,1803.7,-334.13,2500,70
83,436.53,1798.9,311.66,2500,70
83,623.32,1185.4,-329.98,2500,70
83,1009.9,2118,-341.19,2500,70
83,675.63,416.5,106.09,2500,70
83,1073.1,490.72,334.67,2500,70
83,546.35,586.66,-162.78,2500,70
83,479.36,1633.2,362.86,2500,70
83,447.79,1895.5,277.78,2500,70
83,463.92,1827.5,322.56,2500,70
83,2053.7,1317.1,100.86,2500,70
83,1043.6,2089.3,-293.16,2500,70
84,1440.5,1346.4,-19.176,2500,70
84,1082.4,505.99,352.45,2500,70
84,577.08,1216,-281.88,2500,70
84,1440.9,1709.5,317.39,2500,70
84,1152.1,1690.3,191.96,2500,70
84,734.62,1112.4,151.51,2500,70
84,550.84,580.72,-200,2500,70
84,1478.5,1744.2,305.47,2500,70
84,1408.5,1368.3,-65.628,2500,70
84,620.35,2069,128.14,2500,70
84,781.72,1116.4,141.03,2500,70
84,1053.4,2068.4,-307.97,2500,70
84,994.84,399.51,248.04,2500,70
84,942.7,1044.1,-30.622,2500,70
84,1091.1,1622.5,65.011,2500,70
84,502.35,2020.1,190.8,2500,70
84,1985.3,1476.8,248.99,2500,70
84,1308.1,1797.3,-332.87,2500,70
84,533.75,583.17,-117.72,2500,70
84,2018,1430.7,256.18,2500,70
84,776.48,451.42,106.81,2500,70
84,614.16,1253.2,-299.03,2500,70
84,1130.6,1985.5,-361.78,2500,70
84,576.8,1986.1,199.31,2500,70
84,1738.5,1686.4,308.57,2500,70
84,1450.7,1379.7,-127.54,2500,70
84,1457.8,1025.5,175.18,2500,70
84,837.42,1060.5,63.759,2500,70
84,1238.3,1913.9,-303.68,2500,70
84,836.5,1060.6,128.69,2500,70
85,2083.1,1189,-109.21,2500,70
85,2013.2,1085.8,-138.22,2500,70
85,1936.1,1536.1,299.61,2500,70
85,476.26,1728,270.49,2500,70
85,1394,1575.2,-189.68,2500,70
85,1495.9,1654.4,312.77,2500,70
85,677.36,2095.5,-84.226,2500,70
85,1179.8,621.72,314.93,2500,70
85,1383.9,865.76,295.92,2500,70
85,1751.6,1676.4,394.37,2500,70
85,909.33,391.61,227.84,2500,70
85,1394.1,1708.3,298.37,2500,70
85,501.25,846.22,-334.53,2500,70
85,2017.2,1028.9,-183.78,2500,70
85,978.22,1602.5,-34.403,2500,70
85,465.03,1802.1,350.04,2500,70
85,647.25,1203.3,194.55,2500,70
85,870.21,2110.7,-244.98,2500,70
85,509.01,940.94,-328.09,2500,70
85,498.08,1761.6,302.5,2500,70
85,1387.3,1712.9,239.64,2500,70
85,1922.5,919.05,-298.96,2500,70
85,761.74,2154.7,-120.7,2500,70
85,2089.5,1239,-39.157,2500,70
85,742.35,1411,-220.07,2500,70
85,1628.3,1684.6,311.41,2500,70
85,478.68,1618.2,368.43,2500,70
85,1385.4,1053.6,202.63,2500,70
85,1028.1,1565.4,98.328,2500,70
85,1635.1,1674.9,303.72,2500,70
86,644.52,2156.4,-19.965,2500,70
86,1012.5,2084.2,-313.16,2500,70
86,1738.7,922.9,-383.9,2500,70
86,516.93,915.53,-313.31,2500,70
86,2069.8,1097,-123.64,2500,70
86,1912.9,1632.7,326.42,2500,70
86,545.36,1147.1,-345.07,2500,70
86,1764.5,1658,373.86,2500,70
86,1247.5,713.03,297.36,2500,70
86,1194.6,1650.6,207.33,2500,70
86,1100.1,505.47,354.55,2500,70
86,491.45,729.79,-359.34,2500,70
86,1221.7,1999.6,-389.3,2500,70
86,1185.8,1950.1,-381.03,2500,70
86,1344.2,865.32,-202.31,2500,70
86,1263.3,1718.2,165.47,2500,70
86,615.96,438.34,6.1863,2500,70
86,970.54,408.83,325.79,2500,70
86,1472,1432.8,-128.75,2500,70
86,458.14,1749.7,324.58,2500,70
86,470.6,1873.1,281.74,2500,70
86,1343.2,1611.8,-275.23,2500,70
86,700.43,2122.8,-50.448,2500,70
86,983.33,2178.2,-316.31,2500,70
86,1298.5,926.59,-226.77,2500,70
86,2127.9,1386.3,74.302,2500,70
86,1514.4,852,-364.28,2500,70
86,476.08,923.5,-393.34,2500,70
86,1387.2,919.84,220.74,2500,70
86,702.18,1412.5,-209.08,2500,70
87,533.91,1969,164.51,2500,70
87,1675.4,894.52,-313.1,2500,70
87,480.61,1802.4,310.42,2500,70
87,1481.8,1358.1,-45.02,2500,70
87,429.5,1863.1,337.93,2500,70
87,502.29,861.34,-293.16,2500,70
87,522.31,648.2,-177.03,2500,70
87,523.9,1397.6,316.35,2500,70
87,908.17,1466.2,-97.585,2500,70
87,1355.8,888.77,-217.98,2500,70
87,1143.2,1667.1,125.49,2500,70
87,1115.9,2038,-313.36,2500,70
87,1335.6,783.84,289.72,2500,70
87,2091.6,1095,-126.8,2500,70
87,1301,848.73,-202.46,2500,70
87,442.45,1643,313.32,2500,70
87,623.65,482.51,-73.328,2500,70
87,583.86,1191.8,-272.16,2500,70
87,1426.1,1031.1,199.17,2500,70
87,749.12,1413.7,-121.75,2500,70
87,1048.5,992.56,-94.507,2500,70
87,1357.8,863.72,301.43,2500,70
87,2038.1,1255.3,-91.592,2500,70
87,1735.4,883.34,-350.78,2500,70
87,644.98,1334.2,231.03,2500,70
87,710,2122.6,-148.01,2500,70
87,1112.3,497.13,312.38,2500,70
87,500.04,1923.1,246.8,2500,70
87,499.95,1640.8,356.48,2500,70
87,568.17,517.5,-66.096,2500,70
88,447.7,1616.1,386.28,2500,70
88,1121.2,1996.5,-322.38,2500,70
88,694.21,423.56,54.031,2500,70
88,602.11,516.84,-58.194,2500,70
88,1077.7,1584.3,58.751,2500,70
88,520.39,817.16,-378.61,2500,70
88,1678.7,829.89,-309.67,2500,70
88,1413.4,1023.1,156.63,2500,70
88,1998.4,1012.8,-230.49,2500,70
88,667.85,2108.5,-2.6,2500,70
88,531.36,2068.2,122.65,2500,70
88,1842.8,980.98,-306.17,2500,70
88,1835.7,944.86,-349.55,2500,70
88,2032.6,1423.7,152.41,2500,70
88,447.04,746.55,-287.81,2500,70
88,1978.3,1527.5,211.13,2500,70
88,498.74,615.09,-207.63,2500,70
88,1229.7,861.11,-217.97,2500,70
88,1149.6,518.88,315.58,2500,70
88,1778.7,894.77,-316.17,2500,70
88,1222.8,669.39,343.66,2500,70
88,508.5,1133.5,-284.55,2500,70
88,451.2,766.6,-293.9,2500,70
88,498.56,1668.4,369.7,2500,70
88,887.3,1435.7,-140.05,2500,70
88,715.5,416.7,104.34,2500,70
88,1977.7,1547.3,266.91,2500,70
88,1477.6,855.3,-330.48,2500,70
88,520.65,1862.5,258.83,2500,70
88,1877.4,1558.7,257.71,2500,70
89,548.65,1479.2,309.94,2500,70
89,650,1271.1,-302.69,2500,70
89,516.88,1606.4,365.3,2500,70
89,796.6,365.4,156.67,2500,70
89,1025.5,929.27,-96.343,2500,70
89,882.61,1053.9,120.04,2500,70
89,1506,1729.1,321.26,2500,70
89,427.49,1812.3,309.95,2500,70
89,1383.3,1021.7,136.27,2500,70
89,515.36,1917.1,187.55,2500,70
89,1968.3,1494.7,218.56,2500,70
89,1381,744.14,306.1,2500,70
89,524.63,1396,301.56,2500,70
89,548.98,1443.9,376.22,2500,70
89,1898,1618.2,280.92,2500,70
89,1458.3,877.01,-315.16,2500,70
89,1369.8,844.12,-283.09,2500,70
89,839.58,2142.6,-218.21,2500,70
89,1799.5,911.73,-337.5,2500,70
89,1255.3,713.45,325.96,2500,70
89,535.38,668.47,-212.33,2500,70
89,2078.3,1243.5,12.857,2500,70
89,2038.9,1242.8,-41.484,2500,70
89,2097,1481.4,169.74,2500,70
89,889.98,402.54,192.06,2500,70
89,1198.5,2007.1,-395.29,2500,70
89,841.63,2178.9,-186.19,2500,70
89,505.18,956.18,-321.34,2500,70
89,2109.7,1214,4.5366,2500,70
89,1627.3,1668.8,345.94,2500,70
90,631.77,1268.3,-229.62,2500,70
90,1988.1,1052.2,-238.32,2500,70
90,582.82,2101.8,13.123,2500,70
90,1000,2138.6,-336.09,2500,70
90,486.87,559.84,-207.83,2500,70
90,836.11,1446.4,-91.736,2500,70
90,780.52,2143.2,-84.167,2500,70
90,553.31,1342.6,292.7,2500,70
90,1423.3,1179,119.39,2500,70
90,1206.9,607.77,313.48,2500,70
90,1258.8,639.39,367.23,2500,70
90,1603.1,1692.4,320.01,2500,70
90,1984.3,1498.3,298.43,2500,70
90,604.34,1984.8,147.7,2500,70
90,585.78,1963.1,180.88,2500,70
90,1073.6,1591.9,92.155,2500,70
90,563.65,1536.7,332.95,2500,70
90,1372.3,1020.7,179.37,2500,70
90,1126.6,1695.8,164.74,2500,70
90,863.23,1406.5,-162.31,2500,70
90,1467.1,1068.2,139.81,2500,70
90,644,1312.5,260.2,2500,70
90,2035.2,1521.3,218.95,2500,70
90,1393.3,1129.1,130.02,2500,70
90,1425.6,1658.9,-201.06,2500,70
90,474.34,620.46,-241.49,2500,70
90,503.85,1493.4,378.99,2500,70
90,1339.5,1672.6,-233.57,2500,70
90,1324,1744.1,-327.12,2500,70
90,1034.1,2102.2,-277.38,2500,70
91,1958.4,1511.8,274.93,2500,70
91,1862.6,940.02,-335.98,2500,70
91,806.35,1123,131.25,2500,70
91,570.96,1410.4,349.96,2500,70
91,1487.8,864.71,-281.04,2500,70
91,997.13,1596.9,43.589,2500,70
91,1078.8,2047.5,-379.61,2500,70
91,1270.7,757.54,273.27,2500,70
91,1228.1,1950.1,-374.97,2500,70
91,473.42,824.37,-298.04,2500,70
91,1418.9,1283.6,-13.576,2500,70
91,2065,1286.2,18.984,2500,70
91,1450.5,1258,-31.833,2500,70
91,1465.4,1088.6,142.98,2500,70
91,1200.2,953.75,-90.518,2500,70
91,1332.1,1743,-346.27,2500,70
91,1355,830.44,-268.64,2500,70
91,744.69,1253.6,167.25,2500,70
91,487.36,1083.7,-316.88,2500,70
91,1905.7,1597.8,291.83,2500,70
91,1343.3,919.43,222,2500,70
91,635.69,1274,-216.23,2500,70
91,984.63,978.72,-59.705,2500,70
91,1568.5,842.71,-327.55,2500,70
91,462.02,931,-350.59,2500,70
91,2072.7,1181.4,-127.43,2500,70
91,1411.6,1287.2,-29.807,2500,70
91,1832.6,1641.6,356.97,2500,70
91,512.77,1564.1,312.41,2500,70
91,778.11,1182.1,117.41,2500,70
92,651.2,1318.1,250.55,2500,70
92,2070.2,1263.5,-1.0799,2500,70
92,956.83,2146.7,-308.71,2500,70
92,1294.3,1948.3,-376.57,2500,70
92,517.6,1673.6,297.27,2500,70
92,708.04,464.82,47.54,2500,70
92,576.97,486.03,-88.976,2500,70
92,510.7,1461.5,328.53,2500,70
92,783,1431.5,-103.58,2500,70
92,935.21,1052,-6.0202,2500,70
92,855,356.34,194.19,2500,70
92,1326.4,716.45,293.68,2500,70
92,675.03,1233.1,236.77,2500,70
92,651.19,1393.8,251.29,2500,70
92,1250.8,836.3,-186.33,2500,70
92,1468.3,1692.3,251.5,2500,70
92,1717.6,1649.8,390.23,2500,70
92,809.55,2177.4,-169.9,2500,70
92,1454.2,862.19,-301.5,2500,70
92,463.05,1914.6,257.81,2500,70
92,1390.5,819.32,283.22,2500,70
92,1010.7,2137.4,-278.39,2500,70
92,468.69,1741.8,318.12,2500,70
92,1409.6,1570.7,-209.46,2500,70
92,452.92,1653.6,322.1,2500,70
92,959.25,420.9,301.32,2500,70
92,2021.5,1373.2,123.56,2500,70
92,1692.8,1686.6,340.73,2500,70
92,890.9,1066,60.176,2500,70
92,521.88,1018.1,-330.42,2500,70
93,1387.6,1503.2,-130.84,2500,70
93,744.38,1394.1,-136.02,2500,70
93,1867.3,1000.8,-351.32,2500,70
93,500.88,633.2,-197.19,2500,70
93,2012.6,1057.1,-271.58,2500,70
93,1319.7,1874.6,-321.95,2500,70
93,454.14,1657.9,370.36,2500,70
93,1160,563.3,343.41,2500,70
93,1176.3,569.92,299.29,2500,70
93,493.02,788.23,-329.87,2500,70
93,1381.5,1597,-190.81,2500,70
93,428.34,846.01,-360.07,2500,70
93,1255.5,915.99,-219.81,2500,70
93,1102.4,958.59,-119.51,2500,70
93,1427.9,1571.8,-224.58,2500,70
93,2119.3,1410.8,56.571,2500,70
93,2080.5,1283.3,-58.282,2500,70
93,940.86,1055.5,29.157,2500,70
93,570.64,2074.1,35.148,2500,70
93,518.03,1983.9,153.02,2500,70
93,954.17,1033.3,-2.0109,2500,70
93,1704.2,1666.8,307.87,2500,70
93,1247.2,679.46,338.04,2500,70
93,824.86,1437.5,-187.03,2500,70
93,864.15,377.28,249.01,2500,70
93,1126.7,895.66,-108.57,2500,70
93,505.93,1824.5,263.33,2500,70
93,1030.6,1595.5,11.692,2500,70
93,1413.1,1692.6,-280.11,2500,70
93,511.17,950.62,-348.18,2500,70
94,2027.6,1071.7,-176.1,2500,70
94,670.06,2105.1,-46.85,2500,70
94,493.36,739.01,-339.15,2500,70
94,525.36,1633.3,301.24,2500,70
94,1078,476.16,382.44,2500,70
94,677.7,1208.2,245.97,2500,70
94,984.4,479.27,294.83,2500,70
94,756.5,2102.5,-128.87,2500,70
94,1458.7,826.58,-255.86,2500,70
94,1390.4,1002.9,210.42,2500,70
94,543.28,529.87,-159.32,2500,70
94,1135.2,541.5,317.29,2500,70
94,1318.4,914.69,-204.1,2500,70
94,1905.1,958.17,-348.61,2500,70
94,662.8,1264.1,-215.94,2500,70
94,1993.7,1592.8,293.03,2500,70
94,495.41,2010.1,232.14,2500,70
94,660.91,455.55,-61.966,2500,70
94,1258,921.32,-127.49,2500,70
94,1525.3,1713.5,278.52,2500,70
94,1756.2,1617.1,295.19,2500,70
94,824.35,2145.8,-162.21,2500,70
94,1036.2,1655.8,70.071,2500,70
94,1936.7,1001.5,-291.5,2500,70
94,1012.1,448.59,367.31,2500,70
94,2022.4,1458.2,181.74,2500,70
94,649.67,1286.4,-228.88,2500,70
94,2018.7,1088.3,-249.75,2500,70
94,531.56,1932.5,214.05,2500,70
94,1695.8,1722.4,309.34,2500,70
95,1468.4,1443.1,-134.41,2500,70
95,675.47,2141.4,2.5137,2500,70
95,469.38,734.7,-326.52,2500,70
95,1288.8,1965,-305.2,2500,70
95,1279,1633.1,176.79,2500,70
95,511.55,920.06,-341.86,2500,70
95,512.83,836.81,-366.2,2500,70
95,1168.3,1631.5,138.09,2500,70
95,460.87,1924,208.6,2500,70
95,555.55,565.87,-169.42,2500,70
95,1244.6,1885.4,-344.38,2500,70
95,2065,1179.1,-119.87,2500,70
95,1130.3,1960.9,-351.55,2500,70
95,1586,1683.9,383.47,2500,70
95,1376.4,1735.7,285.19,2500,70
95,535.98,1084.2,-303.61,2500,70
95,1042.2,1546.6,42.364,2500,70
95,1382.9,1740.1,-249.93,2500,70
95,1425.2,827.53,-332.52,2500,70
95,428.66,1790.6,323.31,2500,70
95,1454.2,1359.3,-53.185,2500,70
95,2126.1,1237.4,-82.515,2500,70
95,429.1,771.29,-365.16,2500,70
95,869.63,2107.1,-216.85,2500,70
95,816.17,2182,-219.17,2500,70
95,676.9,450.12,63.558,2500,70
95,637.89,493.87,-86.169,2500,70
95,1349.4,839.76,287.2,2500,70
95,1893.2,1002.3,-272.52,2500,70
95,1847.4,1615.2,307.13,2500,70
96,854.56,2117.6,-191.05,2500,70
96,1899.1,957.37,-307.31,2500,70
96,570.61,1356.3,301.41,2500,70
96,1338.3,756.36,307.31,2500,70
96,874.65,1474.8,-74.622,2500,70
96,502.99,1756.5,382.66,2500,70
96,557.1,2071.7,104.95,2500,70
96,1027.6,960.59,-28.157,2500,70
96,1923,1577.5,293.3,2500,70
96,441.25,711,-307.72,2500,70
96,533.74,508.19,-141.03,2500,70
96,1158.7,2057.2,-376.02,2500,70
96,558.5,521.6,-135.45,2500,70
96,602.8,503.97,-28.876,2500,70
96,1133.9,2018.9,-360.58,2500,70
96,1392.4,1745.8,289.95,2500,70
96,884.65,366.37,187.26,2500,70
96,1350.7,805.67,221,2500,70
96,479.03,1498.9,383.89,2500,70
96,573.57,1488,293.6,2500,70
96,1229.8,1986.7,-331.26,2500,70
96,870.7,409.27,188.41,2500,70
96,2082.6,1411.7,176.27,2500,70
96,1590.6,1712.9,383.4,2500,70
96,646.65,2136.1,-39.175,2500,70
96,1403.8,1724.4,-281.35,2500,70
96,1425.8,967.8,205.94,2500,70
96,1926.7,1529,288.02,2500,70
96,927.74,1040.5,9.5617,2500,70
96,543.75,2032.6,79.475,2500,70
97,554.93,620.61,-237.44,2500,70
97,2121.9,1266.2,49.98,2500,70
97,1365.1,1774.9,-321.76,2500,70
97,434.06,733.81,-316.95,2500,70
97,550.07,2035.6,157.02,2500,70
97,662.45,1235.2,-224.63,2500,70
97,964.03,2073.1,-290.93,2500,70
97,682.62,2162.5,-103.81,2500,70
97,744.3,2137.8,-73.648,2500,70
97,447.26,876.87,-310.19,2500,70
97,1442.8,1613.1,-189.09,2500,70
97,761.53,2149.3,-211.53,2500,70
97,1947.8,1488.4,303.2,2500,70
97,955.89,406.49,303.74,2500,70
97,570.33,2025.3,184,2500,70
97,1234.1,1909.3,-327.81,2500,70
97,1164,514.36,370.1,2500,70
97,710.27,1242.4,179.19,2500,70
97,1418.6,1592.8,-189.98,2500,70
97,1739.4,854.96,-392.58,2500,70
97,565.01,2081.8,73.666,2500,70
97,2114,1162.6,-133.41,2500,70
97,599.57,519.19,-42.702,2500,70
97,859.04,1068.9,114.18,2500,70
97,565.75,548.91,-179.51,2500,70
97,840.18,390,194.94,2500,70
97,437.85,1762.9,286.98,2500,70
97,1632.5,838.09,-385.94,2500,70
97,521.22,1434.1,347.15,2500,70
97,1028.3,439.9,320.44,2500,70
98,1766.9,1674.8,358.4,2500,70
98,1437.7,824.62,-268.93,2500,70
98,690.86,466.3,8.0894,2500,70
98,443.34,904.69,-362.23,2500,70
98,433.27,1662.8,355.23,2500,70
98,932.88,433.93,233.31,2500,70
98,1090.6,506.71,316.78,2500,70
98,854.93,1456.2,-121.29,2500,70
98,572.31,573.39,-149.15,2500,70
98,460.16,1685.6,373.78,2500,70
98,1294.5,708.56,287.49,2500,70
98,1171.6,580.65,315.23,2500,70
98,774.24,1165.9,177.49,2500,70
98,1271,866.26,-175.98,2500,70
98,541.26,1902.6,269.33,2500,70
98,1380.5,1002.1,176.7,2500,70
98,666.47,1276.1,-224.37,2500,70
98,1089.1,903.19,-67.296,2500,70
98,1930.1,953.65,-268.6,2500,70
98,804.83,400.52,152,2500,70
98,1630,1656.6,307.81,2500,70
98,1863.3,969.38,-318.6,2500,70
98,459.88,956.03,-366.28,2500,70
98,602.45,1169.5,-298.64,2500,70
98,1482.9,1484.6,-112.47,2500,70
98,1314.7,1730.5,-325.5,2500,70
98,2092.7,1203.5,-72.49,2500,70
98,470.03,1954.4,257.95,2500,70
98,1062.6,438.73,350.38,2500,70
98,1033.8,2135.8,-366.06,2500,70
99,999.98,433.98,284.7,2500,70
99,1477.8,1387.5,-123.36,2500,70
99,691.93,1279.1,265.46,2500,70
99,1170,566.52,306.24,2500,70
99,871.39,1002.6,39.671,2500,70
99,2021.7,1165.7,-202.34,2500,70
99,1233.7,1664.3,128.92,2500,70
99,1757.4,1649.3,322.87,2500,70
99,521.38,1183,-277.48,2500,70
99,1280.6,1836.9,-374.08,2500,70
99,1315.1,720.3,362.28,2500,70
99,451.35,1710.2,376.5,2500,70
99,1179.4,563.1,337.9,2500,70
99,1494.6,1176.7,18.834,2500,70
99,1197.8,2010,-368.98,2500,70
99,1341.4,1825.3,-340.41,2500,70
99,1547.1,899.44,-284.38,2500,70
99,1388.3,1500.2,-159.44,2500,70
99,940.45,2120.7,-243.06,2500,70
99,1450.2,1544.4,-204.54,2500,70
99,778.89,1464.6,-75.166,2500,70
99,1222.3,850.95,-143.14,2500,70
99,1011.2,1035,-15.202,2500,70
99,579.48,559.94,-103.24,2500,70
99,599.73,1338.9,293.2,2500,70
99,1395.7,947.35,231.08,2500,70
99,950.33,443.31,225.83,2500,70
99,496.11,813.17,-292.17,2500,70
99,2072.3,1163.3,-75.792,2500,70
99,639.71,1380.9,263.88,2500,70
100,803.25,2123.7,-124.11,2500,70
100,859.26,2151.5,-166.65,2500,70
100,601,2035.7,63.601,2500,70
100,1128.6,2086.8,-324.1,2500,70
100,2067.5,1359.6,107.95,2500,70
100,1005.6,997.92,27.047,2500,70
100,1231.3,1974.2,-358.23,2500,70
100,940.52,378.21,225.34,2500,70
100,998,453.29,270.34,2500,70
100,1437.2,1524.8,-185.87,2500,70
100,427.1,887.33,-390.1,2500,70
100,714.39,2131.3,-94.724,2500,70
100,1937.7,1025.6,-282.49,2500,70
100,1412.6,857.23,232.89,2500,70
100,671.7,2098.5,10.597,2500,70
100,1712,853.32,-329.76,2500,70
100,548,1540.9,362.05,2500,70
100,760.12,378.34,92.135,2500,70
100,847.38,2156.5,-190.28,2500,70
100,548.92,2005.9,58.275,2500,70
100,705.9,436.72,65.839,2500,70
100,721.94,1239,181.85,2500,70
100,530.3,1490.6,320.22,2500,70
100,851.51,2119.3,-279.07,2500,70
100,1641,1703.7,299.43,2500,70
100,1248,1948,-338.6,2500,70
100,1312.2,1746.2,-300,2500,70
100,519.3,2045.4,87.094,2500,70
100,849.58,417.54,204.93,2500,70
100,1222.4,664.01,317.22,2500,70
